연령대,피해자 성별,최초 접수년,최초 접수월, 피해자계좌_피해(송금)액 ,사기유형,사칭기관,피해구제 신청사유,접근매체
20,여,2025,7,       9000000,투자사기,금융투자업자,투자사기,기타
60,남,2025,7,        816001,"대출수수료 요구(보증료, 공탁 등)",시중은행,일반대출,전화
50,여,2025,7,      20000000,투자사기,금융투자업자,투자사기,전화
70,남,2025,7,       9700000,투자사기,금융투자업자,투자사기,기타
40,남,2025,7,      37700000,투자사기,금융투자업자,투자사기,기타
50,남,2025,7,      10000000,투자사기,금융투자업자,투자사기,기타
50,남,2025,7,       9900000,대출실행 후 상환,시중은행,일반대출,전화
50,남,2025,7,        500000,대출실행 후 상환,시중은행,일반대출,전화
60,여,2025,7,      60000000,투자사기,금융투자업자,투자사기,기타
70,여,2025,7,      20500000,사건연루조사,"금감원, 금융위",보이스피싱,전화
50,남,2025,7,      13950000,대출실행 후 상환,할부금융(카드사 및 캐피탈),일반대출,전화
50,남,2025,7,      25000000,기존대출 상환,할부금융(카드사 및 캐피탈),일반대출,전화
20,남,2025,7,       9760000,기타,기타,일반대출,인터넷
70,여,2025,7,      12600000,대출실행 후 상환,할부금융(카드사 및 캐피탈),일반대출,전화
50,여,2025,7,        750000,대출실행 후 상환,기타,일반대출,전화
50,여,2025,7,      40000000,투자사기,금융투자업자,투자사기,메신저
60,남,2025,7,       8000000,대출실행 후 상환,시중은행,일반대출,전화
60,남,2025,7,      25800000,투자사기,금융투자업자,투자사기,메신저
50,남,2025,7,       6912665,기타,시중은행,일반대출,전화
60,남,2025,7,     150000000,투자사기,금융투자업자,투자사기,기타
50,남,2025,7,       3000000,기존대출 상환,시중은행,일반대출,전화
70,남,2025,7,      24000000,투자사기,금융투자업자,투자사기,전화
60,남,2025,7,        360000,투자사기,금융투자업자,투자사기,전화
60,남,2025,7,       1000000,투자사기,금융투자업자,투자사기,전화
60,남,2025,7,       6000000,투자사기,금융투자업자,투자사기,전화
60,여,2025,7,      60000000,투자사기,금융투자업자,투자사기,기타
20,남,2025,7,      18700000,기타,기타,일반대출,인터넷
50,남,2025,7,      24420000,기존대출 상환,시중은행,일반대출,메신저
20,남,2025,7,       6650000,기타,기타,일반대출,인터넷
30,여,2025,7,        460000,기존대출 상환,시중은행,일반대출,전화
60,여,2025,7,        500000,지인사칭(메신저피싱),개인,보이스피싱,문자
30,여,2025,7,        460000,기존대출 상환,시중은행,일반대출,전화
60,남,2025,7,        500000,지인사칭(메신저피싱),개인,보이스피싱,문자
20,남,2025,7,        210000,사건연루조사,"경찰, 검찰, 법원",보이스피싱,전화
50,남,2025,7,      30000000,기존대출 상환,시중은행,일반대출,전화
20,남,2025,7,       3000000,사건연루조사,"경찰, 검찰, 법원",보이스피싱,전화
20,남,2025,7,      28780000,대출실행 후 상환,저축은행,일반대출,전화
50,남,2025,7,      24420000,기존대출 상환,시중은행,일반대출,메신저
50,여,2025,7,      13000000,기타,대부업체,일반대출,전화
20,남,2025,7,       6650000,대출실행 후 상환,기타,일반대출,인터넷
60,여,2025,7,       3000000,지인사칭(메신저피싱),개인,보이스피싱,문자
50,남,2025,7,       3000000,기존대출 상환,저축은행,일반대출,전화
40,남,2025,7,      54000000,대출실행 후 상환,기타,일반대출,전화
40,남,2025,7,      54000000,기타,대부업체,일반대출,전화
30,여,2025,7,     100000000,사건연루조사,"경찰, 검찰, 법원",보이스피싱,전화
30,여,2025,7,     100000000,사건연루조사,"경찰, 검찰, 법원",보이스피싱,전화
60,남,2025,7,      10000000,기존대출 상환,기타 공공기관,일반대출,전화
20,남,2025,7,      25900000,기타,대부업체,일반대출,메신저
50,남,2025,7,      13740000,기존대출 상환,기타,일반대출,전화
30,남,2025,7,       3000000,기존대출 상환,할부금융(카드사 및 캐피탈),일반대출,인터넷
70,남,2025,7,      59000000,투자사기,금융투자업자,투자사기,기타
20,남,2025,7,      30000000,투자사기,금융투자업자,투자사기,문자
40,남,2025,7,       1089062,대출실행 후 상환,시중은행,일반대출,전화
70,여,2025,7,        500000,지인사칭(메신저피싱),개인,보이스피싱,문자
60,여,2025,7,       9950000,카드배송사칭,"금감원, 금융위",보이스피싱,전화
60,남,2025,7,        500000,기타,기타,일반대출,전화
40,남,2025,7,        350000,기타,할부금융(카드사 및 캐피탈),일반대출,전화
60,여,2025,7,        500000,지인사칭(메신저피싱),개인,보이스피싱,문자
40,남,2025,7,      53400000,기존대출 상환,시중은행,일반대출,전화
60,여,2025,7,       4450000,기존대출 상환,저축은행,일반대출,전화
70,남,2025,7,       6400000,기존대출 상환,기타 공공기관,일반대출,전화
40,남,2025,7,     113300000,투자사기,금융투자업자,투자사기,메신저
70,남,2025,7,      25790000,투자사기,금융투자업자,투자사기,기타
50,여,2025,7,        500000,기존대출 상환,시중은행,일반대출,전화
40,여,2025,7,      20000000,기존대출 상환,시중은행,일반대출,전화
50,남,2025,7,      55000000,투자사기,금융투자업자,투자사기,메신저
60,남,2025,7,     100000000,투자사기,금융투자업자,투자사기,인터넷
60,남,2025,7,     331490000,투자사기,금융투자업자,투자사기,기타
60,남,2025,7,      30000000,투자사기,금융지주회사,투자사기,메신저
50,남,2025,7,      55000000,투자사기,금융투자업자,투자사기,메신저
60,남,2025,7,      10000000,기타,기타,일반대출,전화
40,여,2025,7,        500000,가족납치.상해 협박,개인,보이스피싱,전화
50,여,2025,7,      12500000,기존대출 상환,저축은행,일반대출,전화
20,여,2025,7,      10000000,투자사기,금융투자업자,투자사기,메신저
50,남,2025,7,       1620000,"대출수수료 요구(보증료, 공탁 등)",저축은행,일반대출,전화
60,남,2025,7,       8000000,대출실행 후 상환,기타 공공기관,일반대출,전화
20,남,2025,7,     171800000,카드배송사칭,할부금융(카드사 및 캐피탈),보이스피싱,문자
50,남,2025,7,      14600000,투자사기,금융투자업자,투자사기,메신저
60,남,2025,7,      20000000,투자사기,금융투자업자,투자사기,인터넷
50,남,2025,7,        500000,대출실행 후 상환,시중은행,일반대출,전화
50,남,2025,7,       6437227,투자사기,금융투자업자,투자사기,메신저
60,여,2025,7,      13122378,투자사기,금융투자업자,투자사기,인터넷
70,남,2025,7,      59850000,투자사기,금융투자업자,투자사기,메신저
70,남,2025,7,      10000000,투자사기,금융투자업자,투자사기,기타
50,남,2025,7,      10000000,투자사기,금융투자업자,투자사기,전화
50,남,2025,7,      40000000,투자사기,금융투자업자,투자사기,인터넷
60,남,2025,7,      10000000,기타,기타,일반대출,전화
50,남,2025,7,      12860000,기존대출 상환,저축은행,일반대출,전화
30,남,2025,7,     287810000,기타,저축은행,일반대출,기타
50,남,2025,7,     112410000,"대출수수료 요구(보증료, 공탁 등)",저축은행,일반대출,전화
50,여,2025,7,        500000,지인사칭(메신저피싱),개인,보이스피싱,문자
70,남,2025,7,      59850000,투자사기,금융투자업자,투자사기,기타
20,남,2025,7,     171800000,카드배송사칭,할부금융(카드사 및 캐피탈),보이스피싱,문자
30,남,2025,7,      15000000,대출실행 후 상환,할부금융(카드사 및 캐피탈),일반대출,기타
30,남,2025,7,      15000000,"대출수수료 요구(보증료, 공탁 등)",할부금융(카드사 및 캐피탈),일반대출,전화
20,남,2025,7,     171800000,사건연루조사,"경찰, 검찰, 법원",보이스피싱,전화
40,여,2025,7,      33500000,투자사기,금융투자업자,투자사기,메신저
60,남,2025,7,      45140000,기타,할부금융(카드사 및 캐피탈),일반대출,전화
40,여,2025,7,       6000000,기존대출 상환,기타,일반대출,메신저
30,남,2025,7,       3350000,기타,저축은행,일반대출,기타
60,남,2025,7,      45140000,"대출수수료 요구(보증료, 공탁 등)",할부금융(카드사 및 캐피탈),일반대출,전화
70,여,2025,7,      30000000,투자사기,금융투자업자,투자사기,전화
50,남,2025,7,      10900000,투자사기,금융투자업자,투자사기,기타
60,남,2025,7,       5000000,대출실행 후 상환,시중은행,일반대출,전화
40,여,2025,7,       5000000,투자사기,금융투자업자,투자사기,메신저
50,여,2025,7,      30000000,투자사기,금융투자업자,투자사기,메신저
20,남,2025,7,      33000000,투자사기,금융투자업자,투자사기,메신저
60,남,2025,7,      12000000,기타,시중은행,일반대출,전화
30,남,2025,7,     203460000,대출실행 후 상환,시중은행,일반대출,전화
60,남,2025,7,       9000000,투자사기,금융투자업자,투자사기,인터넷
60,남,2025,7,      45140000,"대출수수료 요구(보증료, 공탁 등)",할부금융(카드사 및 캐피탈),일반대출,전화
60,남,2025,7,        500000,대출실행 후 상환,기타 공공기관,일반대출,전화
70,여,2025,7,        500000,지인사칭(메신저피싱),개인,보이스피싱,메신저
70,여,2025,7,        500000,지인사칭(메신저피싱),개인,보이스피싱,문자
70,여,2025,7,      29000000,투자사기,금융투자업자,투자사기,메신저
50,남,2025,7,       3000000,대출실행 후 상환,시중은행,일반대출,전화
20,여,2025,7,        500000,사건연루조사,"경찰, 검찰, 법원",보이스피싱,전화
60,여,2025,7,      35000000,대출실행 후 상환,시중은행,일반대출,전화
30,남,2025,7,      10000000,투자사기,금융투자업자,투자사기,기타
60,남,2025,7,     176700000,카드배송사칭,할부금융(카드사 및 캐피탈),보이스피싱,전화
50,여,2025,7,       2998075,지인사칭(메신저피싱),개인,보이스피싱,문자
70,여,2025,7,      30000000,투자사기,금융투자업자,투자사기,전화
50,여,2025,7,      20000000,투자사기,금융투자업자,투자사기,인터넷
30,남,2025,7,       8000000,"대출수수료 요구(보증료, 공탁 등)",기타,일반대출,인터넷
50,남,2025,7,      55000000,투자사기,금융투자업자,투자사기,메신저
60,여,2025,7,      60000000,투자사기,금융투자업자,투자사기,메신저
50,남,2025,7,      17700000,대출실행 후 상환,시중은행,일반대출,전화
70,남,2025,7,        500000,지인사칭(메신저피싱),개인,보이스피싱,문자
50,여,2025,7,      23400000,투자사기,금융투자업자,투자사기,전화
50,남,2025,7,      31500000,기타,기타,일반대출,인터넷
40,여,2025,7,        300016,가족납치.상해 협박,개인,보이스피싱,전화
30,남,2025,7,      47000000,"대출수수료 요구(보증료, 공탁 등)",기타,일반대출,전화
40,남,2025,7,      19468000,기존대출 상환,시중은행,일반대출,전화
40,여,2025,7,      22650075,투자사기,금융투자업자,투자사기,메신저
40,여,2025,7,       5500000,투자사기,금융투자업자,투자사기,메신저
50,여,2025,7,        300000,가족납치.상해 협박,기타,보이스피싱,전화
50,남,2025,7,      10500000,투자사기,금융투자업자,투자사기,메신저
40,여,2025,7,      20000000,투자사기,금융투자업자,투자사기,전화
50,남,2025,7,       3500000,투자사기,금융투자업자,투자사기,메신저
60,여,2025,7,      30000000,투자사기,금융투자업자,투자사기,메신저
40,여,2025,7,       8000000,투자사기,금융투자업자,투자사기,메신저
20,남,2025,7,        500000,사건연루조사,"경찰, 검찰, 법원",보이스피싱,전화
20,남,2025,7,        500000,사건연루조사,"경찰, 검찰, 법원",보이스피싱,전화
40,여,2025,7,      20000000,투자사기,금융투자업자,투자사기,메신저
60,남,2025,7,      10000000,기존대출 상환,저축은행,일반대출,전화
60,남,2025,7,      10000000,기존대출 상환,기타 공공기관,일반대출,전화
20,남,2025,7,       1950000,투자사기,금융투자업자,투자사기,인터넷
40,남,2025,7,        500000,가족납치.상해 협박,기타,보이스피싱,전화
60,여,2025,7,       3000000,기존대출 상환,저축은행,일반대출,전화
60,여,2025,7,        500000,지인사칭(메신저피싱),개인,보이스피싱,문자
60,여,2025,7,       6000000,지인사칭(메신저피싱),개인,보이스피싱,문자
20,여,2025,7,      12230000,사건연루조사,"경찰, 검찰, 법원",보이스피싱,메신저
50,여,2025,7,      12800000,투자사기,금융투자업자,투자사기,메신저
50,여,2025,7,      23200000,투자사기,금융투자업자,투자사기,기타
60,남,2025,7,      67000000,투자사기,금융투자업자,투자사기,전화
20,여,2025,7,        500000,사건연루조사,"경찰, 검찰, 법원",보이스피싱,전화
20,여,2025,7,        500000,사건연루조사,"경찰, 검찰, 법원",보이스피싱,전화
70,여,2025,7,      17500000,투자사기,금융투자업자,투자사기,메신저
70,여,2025,7,       8000000,투자사기,금융투자업자,투자사기,기타
60,남,2025,7,      45500000,투자사기,금융투자업자,투자사기,인터넷
50,여,2025,7,      50000000,투자사기,금융투자업자,투자사기,기타
40,남,2025,7,      26000000,기존대출 상환,시중은행,일반대출,메신저
60,여,2025,7,       5000000,지인사칭(메신저피싱),개인,보이스피싱,문자
40,남,2025,7,      15000000,대출실행 후 상환,저축은행,일반대출,전화
40,남,2025,7,      23060000,기타,시중은행,일반대출,전화
50,남,2025,8,       1000000,투자사기,금융투자업자,투자사기,인터넷
60,여,2025,8,      10000000,투자사기,금융투자업자,투자사기,기타
60,남,2025,8,      30000000,투자사기,금융투자업자,투자사기,메신저
60,여,2025,8,      58000000,투자사기,금융투자업자,투자사기,메신저
60,여,2025,8,      25000000,투자사기,금융투자업자,투자사기,메신저
60,여,2025,8,     157000000,사건연루조사,"경찰, 검찰, 법원",보이스피싱,전화
40,여,2025,8,     100000000,투자사기,금융투자업자,투자사기,기타
20,여,2025,8,       1430000,사건연루조사,"경찰, 검찰, 법원",보이스피싱,전화
20,여,2025,8,        500000,사건연루조사,"경찰, 검찰, 법원",보이스피싱,전화
70,여,2025,8,        500000,지인사칭(메신저피싱),개인,보이스피싱,문자
30,남,2025,8,        180000,투자사기,금융투자업자,투자사기,메신저
60,남,2025,8,      10000000,투자사기,금융투자업자,투자사기,기타
60,남,2025,8,      25000000,투자사기,금융투자업자,투자사기,문자
40,여,2025,8,      10000000,투자사기,금융투자업자,투자사기,인터넷
50,남,2025,8,      60000000,투자사기,금융투자업자,투자사기,메신저
50,여,2025,8,       2000000,투자사기,금융투자업자,투자사기,메신저
40,여,2025,8,       3000000,투자사기,금융투자업자,투자사기,메신저
40,여,2025,8,      10000000,투자사기,금융투자업자,투자사기,메신저
40,여,2025,8,       3500000,투자사기,금융투자업자,투자사기,메신저
20,여,2025,8,       1430000,사건연루조사,"경찰, 검찰, 법원",보이스피싱,전화
30,남,2025,8,        120000,투자사기,금융투자업자,투자사기,메신저
50,남,2025,8,       1000000,투자사기,금융투자업자,투자사기,메신저
60,여,2025,8,      20000000,투자사기,금융투자업자,투자사기,메신저
40,여,2025,8,       1000000,투자사기,금융투자업자,투자사기,전화
50,여,2025,8,      20000000,투자사기,금융투자업자,투자사기,기타
50,여,2025,8,      40000000,투자사기,금융투자업자,투자사기,전화
50,남,2025,8,      15000000,기존대출 상환,기타,일반대출,전화
60,남,2025,8,      26628130,투자사기,금융투자업자,투자사기,기타
60,남,2025,8,       7000000,대출실행 후 상환,저축은행,일반대출,전화
40,남,2025,8,      41500000,기타,시중은행,일반대출,기타
50,남,2025,8,      30000000,투자사기,금융투자업자,투자사기,메신저
20,남,2025,8,        500000,사건연루조사,"경찰, 검찰, 법원",보이스피싱,전화
40,남,2025,8,      67400000,투자사기,금융투자업자,투자사기,메신저
50,여,2025,8,       6600000,투자사기,금융투자업자,투자사기,기타
60,남,2025,8,     100000000,투자사기,금융투자업자,투자사기,메신저
50,남,2025,8,      23000000,투자사기,금융투자업자,투자사기,메신저
40,남,2025,8,      25000000,투자사기,금융투자업자,투자사기,인터넷
40,남,2025,8,      10000000,투자사기,금융투자업자,투자사기,메신저
70,남,2025,8,      68000000,투자사기,금융투자업자,투자사기,기타
60,여,2025,8,     130000000,투자사기,금융투자업자,투자사기,메신저
40,남,2025,8,      41500000,대출실행 후 상환,시중은행,일반대출,메신저
40,남,2025,8,       5000000,기존대출 상환,시중은행,일반대출,전화
20,남,2025,8,       3500000,사건연루조사,"경찰, 검찰, 법원",보이스피싱,전화
30,남,2025,8,       3570000,사건연루조사,"경찰, 검찰, 법원",보이스피싱,전화
50,여,2025,8,        400000,가족납치.상해 협박,기타,보이스피싱,전화
50,남,2025,8,      21900000,대출실행 후 상환,기타 공공기관,일반대출,인터넷
30,남,2025,8,      18310000,대출실행 후 상환,할부금융(카드사 및 캐피탈),일반대출,기타
60,여,2025,8,        500000,지인사칭(메신저피싱),개인,보이스피싱,문자
50,남,2025,8,      15450100,대출실행 후 상환,저축은행,일반대출,전화
70,남,2025,8,      68000000,투자사기,금융투자업자,투자사기,메신저
50,남,2025,8,      28450000,투자사기,금융투자업자,투자사기,기타
50,여,2025,8,        269772,지인사칭(메신저피싱),개인,보이스피싱,문자
50,여,2025,8,      45000000,투자사기,금융투자업자,투자사기,인터넷
70,남,2025,8,       5000000,투자사기,금융투자업자,투자사기,기타
50,여,2025,8,       3000000,투자사기,금융투자업자,투자사기,기타
40,여,2025,8,       6800000,기존대출 상환,저축은행,일반대출,전화
20,남,2025,8,        500000,사건연루조사,"경찰, 검찰, 법원",보이스피싱,전화
50,남,2025,8,      22670000,기존대출 상환,저축은행,일반대출,전화
50,여,2025,8,       1450000,투자사기,금융투자업자,투자사기,기타
40,여,2025,8,        400000,가족납치.상해 협박,개인,보이스피싱,전화
30,남,2025,8,        500000,사건연루조사,"경찰, 검찰, 법원",보이스피싱,전화
70,여,2025,8,        500000,지인사칭(메신저피싱),개인,보이스피싱,메신저
50,남,2025,8,     109979376,투자사기,금융투자업자,투자사기,기타
30,여,2025,8,     100000000,투자사기,금융투자업자,투자사기,메신저
50,여,2025,8,        500000,지인사칭(메신저피싱),개인,보이스피싱,문자
60,여,2025,8,      11243000,투자사기,금융투자업자,투자사기,전화
50,남,2025,8,     100000000,투자사기,금융투자업자,투자사기,메신저
50,남,2025,8,      30000000,투자사기,금융투자업자,투자사기,메신저
40,남,2025,8,      40000000,투자사기,금융투자업자,투자사기,기타
40,여,2025,8,      70000000,투자사기,금융투자업자,투자사기,인터넷
0,기업,2025,8,       4000000,대출실행 후 상환,저축은행,일반대출,전화
20,남,2025,8,        500000,사건연루조사,"경찰, 검찰, 법원",보이스피싱,전화
60,여,2025,8,     130000000,투자사기,금융투자업자,투자사기,기타
70,남,2025,8,       2000000,기타,기타,일반대출,전화
40,남,2025,8,       7000000,기타,기타,일반대출,기타
60,여,2025,8,     130000000,투자사기,금융투자업자,투자사기,메신저
30,남,2025,8,        500000,대출실행 후 상환,저축은행,일반대출,전화
20,남,2025,8,       3800000,투자사기,금융투자업자,투자사기,인터넷
40,남,2025,8,      20000000,투자사기,금융투자업자,투자사기,메신저
60,여,2025,8,      60000000,투자사기,금융투자업자,투자사기,메신저
40,남,2025,8,      41500000,기타,시중은행,일반대출,기타
50,여,2025,8,     118317693,투자사기,금융투자업자,투자사기,메신저
20,남,2025,8,       3800000,투자사기,금융투자업자,투자사기,인터넷
20,남,2025,8,        500000,대출실행 후 상환,저축은행,일반대출,전화
70,여,2025,8,        500000,지인사칭(메신저피싱),기타,보이스피싱,문자
60,남,2025,8,      23300000,기존대출 상환,저축은행,일반대출,전화
20,남,2025,8,       5900000,기타,저축은행,일반대출,전화
70,남,2025,8,      11570000,기존대출 상환,시중은행,일반대출,전화
40,남,2025,8,      20000000,투자사기,금융투자업자,투자사기,메신저
40,남,2025,8,       1000000,투자사기,금융투자업자,투자사기,메신저
40,남,2025,8,       2000000,투자사기,금융투자업자,투자사기,기타
20,남,2025,8,      28580000,투자사기,금융투자업자,투자사기,메신저
20,남,2025,8,      16450000,투자사기,금융투자업자,투자사기,기타
20,남,2025,8,       4490000,투자사기,금융투자업자,투자사기,메신저
40,남,2025,8,       1000000,기존대출 상환,기타,일반대출,전화
70,여,2025,8,       1000000,투자사기,금융투자업자,투자사기,메신저
20,남,2025,8,       1000000,사건연루조사,"경찰, 검찰, 법원",보이스피싱,전화
60,남,2025,8,      28000000,기존대출 상환,기타,일반대출,전화
20,남,2025,8,       6100000,기존대출 상환,저축은행,일반대출,전화
40,남,2025,8,      27000000,대출실행 후 상환,시중은행,일반대출,전화
30,남,2025,8,      15000000,대출실행 후 상환,저축은행,일반대출,전화
20,남,2025,8,       3180000,기타,"우체국, 전화국, 택배회사",일반대출,메신저
40,여,2025,8,      14101288,투자사기,금융투자업자,투자사기,전화
40,남,2025,8,     125500000,투자사기,금융투자업자,투자사기,메신저
50,남,2025,8,       8000000,투자사기,금융투자업자,투자사기,메신저
60,남,2025,8,      45000000,투자사기,금융투자업자,투자사기,메신저
40,남,2025,8,     125500000,투자사기,금융투자업자,투자사기,메신저
60,여,2025,8,       5000000,대출실행 후 상환,저축은행,일반대출,전화
40,여,2025,8,       1000000,가족납치.상해 협박,개인,보이스피싱,전화
50,여,2025,8,     541997327,투자사기,금융투자업자,투자사기,메신저
50,여,2025,8,      41000000,대출실행 후 상환,기타,일반대출,전화
20,남,2025,8,     143800000,대출실행 후 상환,"우체국, 전화국, 택배회사",일반대출,메신저
30,여,2025,8,      27000000,기타,시중은행,일반대출,메신저
70,남,2025,8,      15000000,투자사기,금융투자업자,투자사기,기타
50,남,2025,8,      10000000,투자사기,금융투자업자,투자사기,메신저
40,남,2025,8,       1000000,투자사기,금융투자업자,투자사기,인터넷
50,여,2025,8,      30000000,투자사기,금융투자업자,투자사기,메신저
50,여,2025,8,      30000000,투자사기,금융투자업자,투자사기,기타
30,남,2025,8,     179340000,투자사기,금융투자업자,투자사기,메신저
20,남,2025,8,        500000,대출실행 후 상환,시중은행,일반대출,전화
20,남,2025,8,       6890000,대출실행 후 상환,"우체국, 전화국, 택배회사",일반대출,인터넷
20,남,2025,8,       3060000,기존대출 상환,"우체국, 전화국, 택배회사",일반대출,메신저
60,남,2025,8,       4000000,대출실행 후 상환,기타 공공기관,일반대출,전화
30,남,2025,8,       2000000,사건연루조사,"경찰, 검찰, 법원",보이스피싱,전화
70,여,2025,8,        500000,지인사칭(메신저피싱),개인,보이스피싱,문자
20,남,2025,8,      16450000,투자사기,금융투자업자,투자사기,인터넷
30,남,2025,8,       2000000,사건연루조사,"경찰, 검찰, 법원",보이스피싱,전화
50,여,2025,8,      80000000,투자사기,금융투자업자,투자사기,메신저
70,남,2025,8,        500000,지인사칭(메신저피싱),개인,보이스피싱,문자
60,여,2025,8,       3000000,지인사칭(메신저피싱),개인,보이스피싱,문자
50,남,2025,8,        300000,지인사칭(메신저피싱),개인,보이스피싱,문자
50,여,2025,8,        500000,가족납치.상해 협박,개인,보이스피싱,전화
50,여,2025,8,      50000000,투자사기,금융투자업자,투자사기,메신저
20,남,2025,8,       5900000,"대출수수료 요구(보증료, 공탁 등)",대부업체,일반대출,전화
40,여,2025,8,        800000,투자사기,금융투자업자,투자사기,기타
40,여,2025,8,      14101288,투자사기,금융투자업자,투자사기,기타
30,남,2025,8,      90000000,대출실행 후 상환,저축은행,일반대출,기타
50,남,2025,8,      10000000,투자사기,금융투자업자,투자사기,기타
60,남,2025,8,       5000000,투자사기,금융투자업자,투자사기,기타
40,남,2025,8,      42000000,투자사기,금융투자업자,투자사기,인터넷
70,남,2025,8,       5000000,대출실행 후 상환,기타 공공기관,일반대출,전화
60,남,2025,8,      53300000,"대출수수료 요구(보증료, 공탁 등)",기타,일반대출,인터넷
70,남,2025,8,      15000000,투자사기,금융투자업자,투자사기,메신저
70,남,2025,8,      17000000,투자사기,금융투자업자,투자사기,메신저
70,남,2025,8,      42000000,투자사기,금융투자업자,투자사기,기타
60,남,2025,8,      40000000,투자사기,금융투자업자,투자사기,기타
40,여,2025,8,      60000000,투자사기,금융투자업자,투자사기,전화
50,남,2025,8,     110000000,투자사기,금융투자업자,투자사기,메신저
70,여,2025,8,      28000000,사건연루조사,기타,보이스피싱,전화
60,남,2025,8,     200000000,투자사기,금융투자업자,투자사기,기타
30,남,2025,8,      40000000,기타,저축은행,일반대출,메신저
50,여,2025,8,      46000000,투자사기,금융투자업자,투자사기,메신저
40,남,2025,8,        671125,투자사기,금융투자업자,투자사기,기타
50,여,2025,8,      28000000,투자사기,금융투자업자,투자사기,인터넷
60,남,2025,8,      80000000,투자사기,금융투자업자,투자사기,전화
20,남,2025,8,       4000000,사건연루조사,"경찰, 검찰, 법원",보이스피싱,전화
70,여,2025,8,       4000000,지인사칭(메신저피싱),개인,보이스피싱,문자
60,남,2025,8,     200000000,투자사기,금융투자업자,투자사기,메신저
20,여,2025,8,       9004000,사건연루조사,"경찰, 검찰, 법원",보이스피싱,전화
20,남,2025,8,        500000,사건연루조사,"경찰, 검찰, 법원",보이스피싱,전화
70,남,2025,8,       5000000,대출실행 후 상환,기타 공공기관,일반대출,전화
60,남,2025,9,       6000000,투자사기,금융투자업자,투자사기,전화
50,여,2025,9,      40000000,투자사기,금융투자업자,투자사기,기타
30,남,2025,9,      12000000,투자사기,금융투자업자,투자사기,기타
30,여,2025,9,      10000000,기존대출 상환,저축은행,일반대출,전화
40,여,2025,9,     240000000,투자사기,금융투자업자,투자사기,인터넷
60,남,2025,9,      27900000,카드배송사칭,할부금융(카드사 및 캐피탈),보이스피싱,전화
70,남,2025,9,      50500000,사건연루조사,"경찰, 검찰, 법원",보이스피싱,전화
30,남,2025,9,       2000000,사건연루조사,"경찰, 검찰, 법원",보이스피싱,전화
60,여,2025,9,        500000,지인사칭(메신저피싱),개인,보이스피싱,메신저
30,남,2025,9,       2000000,사건연루조사,"경찰, 검찰, 법원",보이스피싱,전화
50,남,2025,9,      37000000,투자사기,금융투자업자,투자사기,메신저
70,여,2025,9,      68000000,사건연루조사,"금감원, 금융위",보이스피싱,전화
20,남,2025,9,       2730000,지인사칭(메신저피싱),개인,보이스피싱,메신저
60,남,2025,9,      94500000,기타,대부업체,일반대출,전화
60,여,2025,9,      48000000,투자사기,금융투자업자,투자사기,메신저
40,남,2025,9,      10000000,투자사기,금융투자업자,투자사기,인터넷
30,여,2025,9,      50000000,투자사기,금융투자업자,투자사기,기타
60,여,2025,9,      60000000,투자사기,금융투자업자,투자사기,메신저
20,남,2025,9,      29000000,사건연루조사,"경찰, 검찰, 법원",보이스피싱,전화
30,남,2025,9,        500000,사건연루조사,"경찰, 검찰, 법원",보이스피싱,전화
50,남,2025,9,      17000000,"대출수수료 요구(보증료, 공탁 등)",기타,일반대출,인터넷
60,여,2025,9,       5000000,기존대출 상환,저축은행,일반대출,전화
20,남,2025,9,        500000,사건연루조사,"경찰, 검찰, 법원",보이스피싱,전화
50,남,2025,9,      30000000,대출실행 후 상환,저축은행,일반대출,전화
40,남,2025,9,       6000000,투자사기,금융투자업자,투자사기,메신저
30,남,2025,9,       9000000,투자사기,금융투자업자,투자사기,기타
40,여,2025,9,        500000,"대출수수료 요구(보증료, 공탁 등)",기타,일반대출,전화
50,여,2025,9,      20000000,투자사기,금융투자업자,투자사기,인터넷
60,여,2025,9,      20000000,투자사기,금융투자업자,투자사기,메신저
40,여,2025,9,       2000000,기존대출 상환,기타 공공기관,일반대출,전화
50,남,2025,9,       9000000,기타,시중은행,일반대출,인터넷
60,남,2025,9,       3000000,대출실행 후 상환,저축은행,일반대출,전화
50,남,2025,9,       1880000,지인사칭(메신저피싱),개인,보이스피싱,전화
60,여,2025,9,      50000000,투자사기,금융투자업자,투자사기,기타
50,남,2025,9,       3000000,기존대출 상환,시중은행,일반대출,전화
30,여,2025,9,      10000000,투자사기,금융투자업자,투자사기,문자
60,남,2025,9,      20000000,투자사기,금융투자업자,투자사기,메신저
70,남,2025,9,       1000000,투자사기,금융투자업자,투자사기,기타
50,여,2025,9,     120000000,투자사기,금융투자업자,투자사기,인터넷
50,여,2025,9,      21000000,투자사기,금융투자업자,투자사기,기타
70,남,2025,9,      54210000,기타,기타,일반대출,전화
30,남,2025,9,       9399440,사건연루조사,"경찰, 검찰, 법원",보이스피싱,전화
50,여,2025,9,      50000000,투자사기,금융투자업자,투자사기,인터넷
60,남,2025,9,       2000000,대출실행 후 상환,할부금융(카드사 및 캐피탈),일반대출,전화
50,남,2025,9,      10000000,사건연루조사,"경찰, 검찰, 법원",보이스피싱,전화
60,남,2025,9,        500000,지인사칭(메신저피싱),개인,보이스피싱,문자
40,여,2025,9,       1410000,투자사기,금융투자업자,투자사기,메신저
30,여,2025,9,      21300000,기존대출 상환,저축은행,일반대출,전화
60,남,2025,9,        500000,대출실행 후 상환,저축은행,일반대출,전화
60,남,2025,9,       4000000,기존대출 상환,저축은행,일반대출,전화
60,남,2025,9,       4000000,대출실행 후 상환,저축은행,일반대출,전화
30,여,2025,9,      24200000,"대출수수료 요구(보증료, 공탁 등)",금융지주회사,일반대출,인터넷
50,여,2025,9,      10000000,투자사기,금융투자업자,투자사기,메신저
50,여,2025,9,      10000000,투자사기,금융투자업자,투자사기,메신저
40,남,2025,9,       4000000,기존대출 상환,시중은행,일반대출,전화
50,남,2025,9,       7600000,투자사기,금융투자업자,투자사기,메신저
30,남,2025,9,      33500000,기타,할부금융(카드사 및 캐피탈),일반대출,전화
80,남,2025,9,      35450000,투자사기,금융투자업자,투자사기,기타
50,여,2025,9,      35000000,투자사기,금융투자업자,투자사기,전화
20,남,2025,9,       5260000,투자사기,금융투자업자,투자사기,메신저
40,여,2025,9,        500000,투자사기,금융투자업자,투자사기,메신저
60,남,2025,9,       2000000,기존대출 상환,저축은행,일반대출,전화
70,여,2025,9,       9000000,투자사기,금융투자업자,투자사기,메신저
60,여,2025,9,       8332459,사건연루조사,"경찰, 검찰, 법원",보이스피싱,전화
70,남,2025,9,      15400000,사건연루조사,"경찰, 검찰, 법원",보이스피싱,전화
80,남,2025,9,      19800000,지인사칭(메신저피싱),개인,보이스피싱,문자
50,남,2025,9,       9500000,투자사기,금융투자업자,투자사기,기타
40,남,2025,9,      30000000,투자사기,금융투자업자,투자사기,전화
40,여,2025,9,       1000000,투자사기,금융투자업자,투자사기,기타
50,남,2025,9,     100000000,투자사기,금융투자업자,투자사기,메신저
50,여,2025,9,       5000000,투자사기,금융투자업자,투자사기,기타
50,여,2025,9,      80000000,투자사기,금융투자업자,투자사기,메신저
70,여,2025,9,      20000000,투자사기,금융투자업자,투자사기,메신저
70,남,2025,9,      20000000,투자사기,금융투자업자,투자사기,메신저
50,남,2025,9,      20000000,대출실행 후 상환,대부업체,일반대출,전화
20,남,2025,9,       5270000,기타,시중은행,일반대출,메신저
20,남,2025,9,        480000,사건연루조사,"경찰, 검찰, 법원",보이스피싱,전화
70,여,2025,9,      75000000,투자사기,금융투자업자,투자사기,인터넷
20,남,2025,9,       5000000,사건연루조사,"경찰, 검찰, 법원",보이스피싱,전화
20,남,2025,9,       3000000,사건연루조사,"경찰, 검찰, 법원",보이스피싱,전화
40,남,2025,9,      30000000,투자사기,금융투자업자,투자사기,기타
60,남,2025,9,       3541134,투자사기,금융투자업자,투자사기,기타
40,남,2025,9,       4000000,기존대출 상환,시중은행,일반대출,전화
50,남,2025,9,      10000000,투자사기,금융투자업자,투자사기,기타
60,여,2025,9,      15000000,대출실행 후 상환,저축은행,일반대출,전화
20,여,2025,9,        400000,사건연루조사,"경찰, 검찰, 법원",보이스피싱,전화
20,남,2025,9,        400000,사건연루조사,"경찰, 검찰, 법원",보이스피싱,전화
60,남,2025,9,      50000000,투자사기,금융투자업자,투자사기,기타
50,남,2025,9,       5000000,투자사기,금융투자업자,투자사기,메신저
60,여,2025,9,       8000000,투자사기,금융투자업자,투자사기,전화
50,여,2025,9,       3000000,투자사기,금융투자업자,투자사기,메신저
30,남,2025,9,      12600000,투자사기,금융투자업자,투자사기,인터넷
50,여,2025,9,      34000000,기존대출 상환,저축은행,일반대출,전화
60,여,2025,9,       9000000,사건연루조사,"경찰, 검찰, 법원",보이스피싱,전화
70,남,2025,9,       9000000,사건연루조사,"경찰, 검찰, 법원",보이스피싱,전화
20,여,2025,9,       1000000,사건연루조사,"경찰, 검찰, 법원",보이스피싱,전화
70,남,2025,9,     253100000,투자사기,금융투자업자,투자사기,기타
60,여,2025,9,      36000000,투자사기,금융투자업자,투자사기,인터넷
40,남,2025,9,     128000000,투자사기,금융투자업자,투자사기,메신저
70,남,2025,9,      93000000,투자사기,금융투자업자,투자사기,메신저
70,여,2025,9,      28500000,투자사기,금융투자업자,투자사기,전화
60,남,2025,9,       3000000,대출실행 후 상환,저축은행,일반대출,전화
60,여,2025,9,      40000000,투자사기,금융투자업자,투자사기,기타
60,여,2025,9,       5000000,기존대출 상환,금융지주회사,일반대출,전화
60,여,2025,9,       4000000,지인사칭(메신저피싱),개인,보이스피싱,문자
60,남,2025,9,      30000000,투자사기,금융투자업자,투자사기,기타
50,여,2025,9,       4000000,지인사칭(메신저피싱),개인,보이스피싱,메신저
20,여,2025,9,       4500000,투자사기,금융투자업자,투자사기,메신저
70,남,2025,9,     253100000,투자사기,금융투자업자,투자사기,문자
60,여,2025,9,        500000,지인사칭(메신저피싱),개인,보이스피싱,문자
30,여,2025,9,       7000000,대출실행 후 상환,시중은행,일반대출,전화
30,여,2025,9,       7000000,대출실행 후 상환,시중은행,일반대출,전화
50,여,2025,9,       4978650,투자사기,금융투자업자,투자사기,메신저
50,남,2025,9,     100000000,투자사기,금융투자업자,투자사기,문자
60,남,2025,9,      30000000,대출실행 후 상환,시중은행,일반대출,전화
30,남,2025,9,      65800000,대출실행 후 상환,저축은행,일반대출,전화
30,여,2025,9,      25260000,투자사기,금융투자업자,투자사기,문자
40,남,2025,9,       2400000,기존대출 상환,저축은행,일반대출,전화
30,남,2025,9,       2000000,사건연루조사,"경찰, 검찰, 법원",보이스피싱,전화
50,남,2025,9,      40000000,투자사기,금융투자업자,투자사기,인터넷
80,여,2025,9,       5000000,투자사기,금융투자업자,투자사기,전화
60,남,2025,9,       3000000,기존대출 상환,저축은행,일반대출,전화
50,남,2025,9,       3000000,기존대출 상환,저축은행,일반대출,전화
30,남,2025,9,       1000000,"대출수수료 요구(보증료, 공탁 등)",기타,일반대출,인터넷
20,여,2025,9,        500000,사건연루조사,"경찰, 검찰, 법원",보이스피싱,전화
30,남,2025,9,       3000000,기타,시중은행,일반대출,전화
30,남,2025,9,      10000000,대출실행 후 상환,기타,일반대출,메신저
20,남,2025,9,      61620000,투자사기,금융투자업자,투자사기,메신저
50,남,2025,9,      10000000,투자사기,금융투자업자,투자사기,인터넷
70,남,2025,9,     132000000,투자사기,금융투자업자,투자사기,기타
20,남,2025,9,      29000000,사건연루조사,"경찰, 검찰, 법원",보이스피싱,전화
40,남,2025,9,      10000000,기존대출 상환,시중은행,일반대출,전화
20,여,2025,9,      30000000,사건연루조사,"경찰, 검찰, 법원",보이스피싱,전화
50,남,2025,9,     212872925,투자사기,금융투자업자,투자사기,메신저
60,여,2025,9,      20000000,투자사기,금융투자업자,투자사기,메신저
50,여,2025,9,      20000000,투자사기,금융투자업자,투자사기,기타
50,여,2025,9,       9000000,투자사기,금융투자업자,투자사기,기타
70,남,2025,9,        190000,지인사칭(메신저피싱),개인,보이스피싱,문자
40,남,2025,9,      20000000,기존대출 상환,저축은행,일반대출,전화
50,남,2025,9,      20000000,대출실행 후 상환,저축은행,일반대출,전화
30,남,2025,9,      65800000,대출실행 후 상환,저축은행,일반대출,메신저
30,남,2025,9,       5000000,대출실행 후 상환,시중은행,일반대출,전화
60,여,2025,9,      55000000,투자사기,금융투자업자,투자사기,기타
40,남,2025,9,      72250000,기타,기타,일반대출,인터넷
40,남,2025,9,      43000000,투자사기,금융투자업자,투자사기,메신저
40,남,2025,9,      21950000,대출실행 후 상환,저축은행,일반대출,전화
40,남,2025,9,      43600000,대출실행 후 상환,시중은행,일반대출,메신저
60,여,2025,9,      10000000,투자사기,금융투자업자,투자사기,인터넷
20,여,2025,9,        500000,사건연루조사,"경찰, 검찰, 법원",보이스피싱,전화
60,여,2025,9,      46000000,투자사기,금융투자업자,투자사기,메신저
60,남,2025,9,      10000000,기존대출 상환,저축은행,일반대출,전화
30,남,2025,9,      35000000,기타,"경찰, 검찰, 법원",보이스피싱,전화
60,여,2025,9,      23000000,투자사기,금융투자업자,투자사기,메신저
20,남,2025,9,      20200000,기타,기타,일반대출,메신저
20,남,2025,9,       2000000,대출실행 후 상환,시중은행,일반대출,전화
40,남,2025,9,       9000000,대출실행 후 상환,시중은행,일반대출,메신저
50,여,2025,9,      80000000,사건연루조사,"경찰, 검찰, 법원",보이스피싱,전화
50,남,2025,9,       3000000,기존대출 상환,저축은행,일반대출,전화
50,남,2025,9,     132000000,투자사기,금융투자업자,투자사기,인터넷
50,여,2025,9,      10000000,투자사기,금융투자업자,투자사기,기타
60,남,2025,9,      50000000,투자사기,금융투자업자,투자사기,메신저
50,여,2025,9,      20000000,투자사기,금융투자업자,투자사기,기타
20,남,2025,9,       7650000,사건연루조사,"경찰, 검찰, 법원",보이스피싱,전화
40,여,2025,9,        500000,"대출수수료 요구(보증료, 공탁 등)",기타,일반대출,전화
50,여,2025,9,      65000000,투자사기,금융투자업자,투자사기,기타
60,여,2025,9,      20000000,투자사기,금융투자업자,투자사기,인터넷
60,여,2025,9,       7000000,카드배송사칭,할부금융(카드사 및 캐피탈),보이스피싱,전화
70,여,2025,9,      15500000,투자사기,금융투자업자,투자사기,인터넷
50,남,2025,9,      25190000,기존대출 상환,기타,일반대출,전화
20,여,2025,9,       5900000,사건연루조사,"경찰, 검찰, 법원",보이스피싱,메신저
40,여,2025,9,       2000000,투자사기,금융투자업자,투자사기,메신저
40,남,2025,9,      29450000,투자사기,금융투자업자,투자사기,기타
40,여,2025,9,       8500000,기존대출 상환,시중은행,일반대출,전화
30,남,2025,9,        262000,사건연루조사,"경찰, 검찰, 법원",보이스피싱,전화
70,남,2025,9,     101000000,투자사기,금융투자업자,투자사기,메신저
30,남,2025,9,        680000,기타,기타,일반대출,기타
50,여,2025,9,       7000000,투자사기,금융투자업자,투자사기,메신저
60,여,2025,9,      30000000,투자사기,금융투자업자,투자사기,메신저
60,남,2025,9,      50000000,투자사기,금융투자업자,투자사기,인터넷
40,여,2025,9,       2200000,투자사기,금융투자업자,투자사기,메신저
30,여,2025,9,        500000,사건연루조사,"경찰, 검찰, 법원",보이스피싱,전화
80,여,2025,9,       2000000,지인사칭(메신저피싱),개인,보이스피싱,문자
50,남,2025,9,       3000000,기존대출 상환,저축은행,일반대출,전화
60,남,2025,9,       8000000,기존대출 상환,기타 공공기관,일반대출,전화
50,여,2025,9,      50000000,투자사기,금융투자업자,투자사기,메신저
50,여,2025,9,       3000000,투자사기,금융투자업자,투자사기,메신저
50,남,2025,9,      20000000,투자사기,금융투자업자,투자사기,메신저
50,여,2025,9,      15000000,투자사기,금융투자업자,투자사기,전화
60,여,2025,9,      10000000,투자사기,금융투자업자,투자사기,메신저
50,여,2025,9,      18000000,투자사기,금융투자업자,투자사기,메신저
20,남,2025,9,     439000000,사건연루조사,"금감원, 금융위",보이스피싱,전화
50,남,2025,9,      13000000,기존대출 상환,시중은행,일반대출,전화
40,여,2025,9,        490000,가족납치.상해 협박,기타,보이스피싱,전화
70,남,2025,9,      30000000,투자사기,금융투자업자,투자사기,기타
70,남,2025,9,      68000000,투자사기,금융투자업자,투자사기,인터넷
30,여,2025,9,       5000000,투자사기,금융투자업자,투자사기,인터넷
50,남,2025,9,      14000000,투자사기,금융투자업자,투자사기,메신저
70,남,2025,9,       3660000,기존대출 상환,기타,일반대출,전화
60,여,2025,9,      82000000,사건연루조사,"금감원, 금융위",보이스피싱,전화
60,여,2025,9,        500000,지인사칭(메신저피싱),개인,보이스피싱,문자
60,남,2025,9,      46000000,투자사기,금융투자업자,투자사기,메신저
80,남,2025,9,      70000000,투자사기,금융투자업자,투자사기,전화
50,여,2025,10,      30000000,투자사기,금융투자업자,투자사기,기타
40,남,2025,10,      27000000,투자사기,금융투자업자,투자사기,문자
40,여,2025,10,      10000000,투자사기,금융투자업자,투자사기,기타
60,남,2025,10,      15000000,사건연루조사,"금감원, 금융위",보이스피싱,전화
50,여,2025,10,      16000000,투자사기,금융투자업자,투자사기,문자
40,여,2025,10,       1000000,투자사기,금융투자업자,투자사기,기타
50,여,2025,10,      48000000,투자사기,금융투자업자,투자사기,전화
40,남,2025,10,       5180000,투자사기,금융투자업자,투자사기,문자
50,여,2025,10,     144000000,투자사기,금융투자업자,투자사기,메신저
40,여,2025,10,      14126382,투자사기,금융투자업자,투자사기,기타
40,여,2025,10,      14126382,투자사기,금융투자업자,투자사기,기타
50,여,2025,10,       3557047,지인사칭(메신저피싱),개인,보이스피싱,메신저
40,여,2025,10,        500000,지인사칭(메신저피싱),개인,보이스피싱,전화
60,남,2025,10,       4000000,투자사기,금융투자업자,투자사기,기타
40,남,2025,10,      20000000,투자사기,금융투자업자,투자사기,문자
40,남,2025,10,      10000000,투자사기,금융투자업자,투자사기,메신저
60,여,2025,10,       5000000,투자사기,금융투자업자,투자사기,메신저
50,남,2025,10,      49700000,투자사기,금융투자업자,투자사기,메신저
60,여,2025,10,      30000000,투자사기,금융투자업자,투자사기,기타
40,남,2025,10,      50043000,투자사기,금융투자업자,투자사기,인터넷
40,여,2025,10,     168000000,투자사기,금융투자업자,투자사기,메신저
50,남,2025,10,      50000000,투자사기,금융투자업자,투자사기,메신저
70,여,2025,10,       1000000,지인사칭(메신저피싱),개인,보이스피싱,문자
30,여,2025,10,      54900000,투자사기,금융투자업자,투자사기,메신저
60,남,2025,10,       3000000,대출실행 후 상환,저축은행,일반대출,전화
50,여,2025,10,     234500000,투자사기,금융투자업자,투자사기,메신저
20,남,2025,10,       8360000,투자사기,금융투자업자,투자사기,메신저
40,여,2025,10,       9000000,투자사기,금융투자업자,투자사기,인터넷
50,여,2025,10,      10000000,투자사기,금융투자업자,투자사기,인터넷
70,남,2025,10,     100000000,투자사기,금융투자업자,투자사기,메신저
40,여,2025,10,       2000000,기존대출 상환,저축은행,일반대출,전화
40,남,2025,10,      56000000,투자사기,금융투자업자,투자사기,메신저
40,여,2025,10,      89934204,투자사기,금융투자업자,투자사기,인터넷
50,여,2025,10,      79710000,투자사기,금융투자업자,투자사기,기타
60,남,2025,10,      42000000,투자사기,금융투자업자,투자사기,인터넷
20,여,2025,10,      23000000,사건연루조사,"경찰, 검찰, 법원",보이스피싱,전화
50,남,2025,10,      84000000,투자사기,금융투자업자,투자사기,전화
60,여,2025,10,      78700000,사건연루조사,"경찰, 검찰, 법원",보이스피싱,전화
30,여,2025,10,     335000000,사건연루조사,"금감원, 금융위",보이스피싱,전화
40,남,2025,10,      30300000,투자사기,금융투자업자,투자사기,기타
60,여,2025,10,      60000000,투자사기,금융투자업자,투자사기,인터넷
50,여,2025,10,      60000000,투자사기,금융투자업자,투자사기,메신저
40,여,2025,10,      10000000,투자사기,금융투자업자,투자사기,기타
40,여,2025,10,      10000000,투자사기,금융투자업자,투자사기,인터넷
50,남,2025,10,       8850000,대출실행 후 상환,시중은행,일반대출,전화
50,여,2025,10,     198000000,투자사기,금융투자업자,투자사기,인터넷
50,남,2025,10,      20000000,투자사기,금융투자업자,투자사기,메신저
40,남,2025,10,      47000000,투자사기,금융투자업자,투자사기,메신저
50,남,2025,10,      20000000,투자사기,금융투자업자,투자사기,인터넷
40,남,2025,10,       4630000,투자사기,금융투자업자,투자사기,문자
50,여,2025,10,     100000000,투자사기,금융투자업자,투자사기,기타
60,여,2025,10,      23000000,투자사기,금융투자업자,투자사기,메신저
40,여,2025,10,      40000000,투자사기,금융투자업자,투자사기,메신저
40,여,2025,10,      35000000,투자사기,금융투자업자,투자사기,기타
60,여,2025,10,      30000000,투자사기,금융투자업자,투자사기,메신저
40,여,2025,10,      98000000,투자사기,금융투자업자,투자사기,메신저
70,남,2025,10,      10000000,기존대출 상환,시중은행,일반대출,전화
50,여,2025,10,      20000000,투자사기,금융투자업자,투자사기,기타
40,남,2025,10,       6000000,대출실행 후 상환,저축은행,일반대출,전화
60,여,2025,10,      20000000,투자사기,금융투자업자,투자사기,메신저
50,남,2025,10,      50000000,투자사기,금융투자업자,투자사기,기타
50,여,2025,10,      79710000,투자사기,금융투자업자,투자사기,기타
60,남,2025,10,      20000000,투자사기,금융투자업자,투자사기,메신저
80,여,2025,10,        500000,지인사칭(메신저피싱),개인,보이스피싱,문자
70,여,2025,10,        350000,지인사칭(메신저피싱),개인,보이스피싱,문자
60,남,2025,10,     120000000,투자사기,금융투자업자,투자사기,메신저
60,남,2025,10,       2000000,기존대출 상환,시중은행,일반대출,전화
70,남,2025,10,      30000000,투자사기,금융투자업자,투자사기,기타
40,여,2025,10,       5000000,투자사기,금융투자업자,투자사기,메신저
70,남,2025,10,      70000000,투자사기,금융투자업자,투자사기,메신저
50,여,2025,10,       7000000,투자사기,금융투자업자,투자사기,메신저
50,남,2025,10,      25000000,투자사기,금융투자업자,투자사기,기타
50,남,2025,10,      21900000,대출실행 후 상환,할부금융(카드사 및 캐피탈),일반대출,기타
50,남,2025,10,      30000000,투자사기,금융투자업자,투자사기,인터넷
60,남,2025,10,       2000000,투자사기,금융투자업자,투자사기,메신저
50,남,2025,10,      10000000,투자사기,금융투자업자,투자사기,메신저
50,남,2025,10,      13000000,투자사기,금융투자업자,투자사기,메신저
50,남,2025,10,      20000000,투자사기,금융투자업자,투자사기,메신저
40,여,2025,10,      32000000,투자사기,금융투자업자,투자사기,인터넷
50,여,2025,10,      54000000,투자사기,금융투자업자,투자사기,메신저
40,여,2025,10,      38000000,투자사기,금융투자업자,투자사기,인터넷
50,남,2025,10,      30000000,투자사기,금융투자업자,투자사기,기타
50,여,2025,10,      26500000,투자사기,금융투자업자,투자사기,메신저
40,여,2025,10,      10000000,투자사기,금융투자업자,투자사기,메신저
40,남,2025,10,      45000000,"대출수수료 요구(보증료, 공탁 등)",시중은행,일반대출,메신저
30,남,2025,10,       6350000,투자사기,금융투자업자,투자사기,기타
40,여,2025,10,      23000000,투자사기,금융투자업자,투자사기,메신저
50,남,2025,10,      25000000,투자사기,금융투자업자,투자사기,기타
40,여,2025,10,       3000000,투자사기,금융투자업자,투자사기,기타
30,여,2025,10,       5000000,투자사기,금융투자업자,투자사기,기타
50,여,2025,10,      40000000,투자사기,금융투자업자,투자사기,기타
60,남,2025,10,      15000000,투자사기,금융투자업자,투자사기,메신저
60,남,2025,10,       6405210,투자사기,금융투자업자,투자사기,인터넷
50,남,2025,10,      10000000,투자사기,금융투자업자,투자사기,인터넷
50,남,2025,10,      10000000,투자사기,금융투자업자,투자사기,인터넷
50,남,2025,10,     183000000,투자사기,금융투자업자,투자사기,전화
60,남,2025,10,       9123299,투자사기,금융투자업자,투자사기,메신저
50,남,2025,10,       5000000,투자사기,금융투자업자,투자사기,메신저
40,여,2025,10,     125700000,투자사기,금융투자업자,투자사기,메신저
30,남,2025,10,       2000000,사건연루조사,"경찰, 검찰, 법원",보이스피싱,전화
60,남,2025,10,       9000000,투자사기,금융투자업자,투자사기,기타
50,남,2025,10,      50000000,투자사기,금융투자업자,투자사기,메신저
50,남,2025,10,      10000000,투자사기,금융투자업자,투자사기,기타
60,남,2025,10,      10000000,대출실행 후 상환,저축은행,일반대출,전화
40,남,2025,10,      37000000,투자사기,금융투자업자,투자사기,인터넷
60,여,2025,10,      30000000,투자사기,금융투자업자,투자사기,메신저
30,여,2025,10,      10000000,투자사기,금융투자업자,투자사기,인터넷
40,여,2025,10,      10000000,투자사기,금융투자업자,투자사기,메신저
60,남,2025,10,     100000000,투자사기,금융투자업자,투자사기,메신저
40,여,2025,10,       8000000,기존대출 상환,시중은행,일반대출,전화
60,여,2025,10,       5000000,투자사기,금융투자업자,투자사기,메신저
70,남,2025,10,      30000000,투자사기,금융투자업자,투자사기,메신저
40,남,2025,10,      20000000,투자사기,금융투자업자,투자사기,메신저
50,여,2025,10,     322000000,투자사기,금융투자업자,투자사기,메신저
60,남,2025,10,      29000000,투자사기,금융투자업자,투자사기,인터넷
40,여,2025,10,      40000000,투자사기,금융투자업자,투자사기,기타
30,여,2025,10,      30000000,투자사기,금융투자업자,투자사기,메신저
40,남,2025,10,      10000000,투자사기,금융투자업자,투자사기,인터넷
50,남,2025,10,      32500000,기타,기타,일반대출,기타
50,여,2025,10,      35853000,투자사기,금융투자업자,투자사기,메신저
30,여,2025,10,      10000000,투자사기,금융투자업자,투자사기,기타
40,여,2025,10,      45000000,투자사기,금융투자업자,투자사기,인터넷
50,여,2025,10,      20000000,투자사기,금융투자업자,투자사기,메신저
60,여,2025,10,      35000000,사건연루조사,"금감원, 금융위",보이스피싱,기타
60,여,2025,10,      85050559,투자사기,금융투자업자,투자사기,메신저
60,남,2025,10,     440000000,사건연루조사,"경찰, 검찰, 법원",보이스피싱,전화
60,남,2025,10,      35000000,투자사기,금융투자업자,투자사기,문자
50,여,2025,10,      10000000,투자사기,금융투자업자,투자사기,인터넷
50,여,2025,10,      28000000,투자사기,금융투자업자,투자사기,기타
60,남,2025,10,      35000000,투자사기,금융투자업자,투자사기,인터넷
30,남,2025,10,       5000000,투자사기,금융투자업자,투자사기,메신저
50,남,2025,10,        300000,투자사기,금융투자업자,투자사기,메신저
60,여,2025,10,      60000000,사건연루조사,"경찰, 검찰, 법원",보이스피싱,전화
30,여,2025,10,       6000000,투자사기,금융투자업자,투자사기,메신저
60,남,2025,10,       2000000,기존대출 상환,할부금융(카드사 및 캐피탈),일반대출,전화
30,여,2025,10,      15000000,투자사기,금융투자업자,투자사기,메신저
40,여,2025,10,      10000000,투자사기,금융투자업자,투자사기,인터넷
70,여,2025,10,      59996000,사건연루조사,"금감원, 금융위",보이스피싱,전화
20,남,2025,10,      13100000,투자사기,금융투자업자,투자사기,기타
40,여,2025,10,        123030,가족납치.상해 협박,개인,보이스피싱,전화
60,여,2025,10,      17000000,사건연루조사,"경찰, 검찰, 법원",보이스피싱,전화
60,여,2025,10,       5000000,투자사기,금융투자업자,투자사기,기타
30,남,2025,10,      25500000,사건연루조사,"경찰, 검찰, 법원",보이스피싱,전화
20,남,2025,10,        400900,사건연루조사,"경찰, 검찰, 법원",보이스피싱,전화
50,남,2025,10,       3000000,기존대출 상환,시중은행,일반대출,전화
50,남,2025,10,       8700000,사건연루조사,"경찰, 검찰, 법원",보이스피싱,전화
50,남,2025,10,      50000000,투자사기,금융투자업자,투자사기,메신저
50,여,2025,10,      29000000,투자사기,금융투자업자,투자사기,인터넷
40,여,2025,10,      30000000,투자사기,금융투자업자,투자사기,인터넷
50,여,2025,10,      20000000,투자사기,금융투자업자,투자사기,메신저
60,남,2025,10,     130000000,투자사기,금융투자업자,투자사기,기타
50,남,2025,10,       3000000,기존대출 상환,시중은행,일반대출,전화
50,남,2025,10,       1000000,투자사기,금융투자업자,투자사기,전화
60,여,2025,10,       4000000,투자사기,금융투자업자,투자사기,기타
40,여,2025,10,      12000000,투자사기,금융투자업자,투자사기,인터넷
50,여,2025,10,       6500000,투자사기,금융투자업자,투자사기,기타
40,남,2025,10,        330000,기존대출 상환,대부업체,일반대출,전화
70,남,2025,10,      10000000,투자사기,금융투자업자,투자사기,메신저
60,남,2025,10,     155000000,투자사기,금융투자업자,투자사기,기타
50,여,2025,10,       4000000,투자사기,금융투자업자,투자사기,메신저
60,남,2025,10,      20000000,투자사기,금융투자업자,투자사기,문자
40,남,2025,10,       8300000,투자사기,금융투자업자,투자사기,인터넷
50,남,2025,10,       8700000,기존대출 상환,시중은행,일반대출,전화
50,여,2025,10,       8000000,지인사칭(메신저피싱),개인,보이스피싱,문자
50,여,2025,10,      58000000,투자사기,금융투자업자,투자사기,인터넷
40,여,2025,10,        500000,지인사칭(메신저피싱),개인,보이스피싱,전화
60,남,2025,10,      19600000,투자사기,금융투자업자,투자사기,인터넷
40,여,2025,10,        360000,가족납치.상해 협박,기타,보이스피싱,전화
60,여,2025,10,      50000000,투자사기,금융투자업자,투자사기,인터넷
60,남,2025,10,      60000000,투자사기,금융투자업자,투자사기,기타
60,여,2025,10,      10000000,투자사기,금융투자업자,투자사기,메신저
40,여,2025,10,       5000000,투자사기,금융투자업자,투자사기,인터넷
60,여,2025,10,       2000000,지인사칭(메신저피싱),개인,보이스피싱,문자
20,남,2025,10,        390000,사건연루조사,"경찰, 검찰, 법원",보이스피싱,전화
60,여,2025,10,       8000000,대출실행 후 상환,저축은행,일반대출,전화
50,남,2025,10,      50620000,투자사기,금융투자업자,투자사기,인터넷
30,남,2025,10,      16900000,사건연루조사,"경찰, 검찰, 법원",보이스피싱,문자
60,남,2025,10,      30000000,투자사기,금융투자업자,투자사기,기타
30,여,2025,10,        500000,기존대출 상환,대부업체,일반대출,전화
20,남,2025,10,       9998100,사건연루조사,"경찰, 검찰, 법원",보이스피싱,전화
30,남,2025,10,      18000000,사건연루조사,"경찰, 검찰, 법원",보이스피싱,전화
30,여,2025,10,      50300000,사건연루조사,"경찰, 검찰, 법원",보이스피싱,전화
50,여,2025,10,       8600000,투자사기,금융투자업자,투자사기,메신저
30,여,2025,10,       8000000,투자사기,금융투자업자,투자사기,인터넷
30,여,2025,10,      41400000,투자사기,금융투자업자,투자사기,기타
70,여,2025,10,       5500000,지인사칭(메신저피싱),개인,보이스피싱,문자
60,여,2025,10,      20500000,투자사기,금융투자업자,투자사기,메신저
50,남,2025,10,     100200000,투자사기,금융투자업자,투자사기,기타
40,남,2025,10,        500000,기존대출 상환,시중은행,일반대출,전화
40,남,2025,10,      17000000,대출실행 후 상환,시중은행,일반대출,전화
30,남,2025,10,      70000000,투자사기,금융투자업자,투자사기,메신저
60,여,2025,10,       5000000,투자사기,금융투자업자,투자사기,기타
50,여,2025,10,      49000000,투자사기,금융투자업자,투자사기,인터넷
40,여,2025,10,      50000000,투자사기,금융투자업자,투자사기,메신저
50,여,2025,10,      35000000,투자사기,금융투자업자,투자사기,메신저
80,여,2025,10,       2988600,지인사칭(메신저피싱),개인,보이스피싱,문자
30,남,2025,10,       3420000,기타,기타,일반대출,기타
60,남,2025,10,       4000000,"대출수수료 요구(보증료, 공탁 등)",저축은행,일반대출,전화
30,여,2025,10,      23500000,기타,기타,일반대출,메신저
50,남,2025,10,      31500000,대출실행 후 상환,금융지주회사,일반대출,메신저
50,남,2025,10,       9000000,투자사기,금융투자업자,투자사기,메신저
70,여,2025,10,      28500000,투자사기,금융투자업자,투자사기,전화
60,여,2025,10,       1000000,투자사기,금융투자업자,투자사기,기타
50,남,2025,10,      16000000,투자사기,금융투자업자,투자사기,인터넷
40,여,2025,10,       6650000,기존대출 상환,저축은행,일반대출,전화
50,남,2025,10,      73398300,투자사기,금융투자업자,투자사기,메신저
50,남,2025,10,       2000000,투자사기,금융투자업자,투자사기,메신저
50,남,2025,10,      16000000,투자사기,금융투자업자,투자사기,메신저
50,남,2025,10,      56036306,투자사기,금융투자업자,투자사기,메신저
50,남,2025,10,      49850000,투자사기,금융투자업자,투자사기,기타
50,여,2025,10,       5500000,투자사기,금융투자업자,투자사기,기타
50,여,2025,10,      14500000,투자사기,금융투자업자,투자사기,기타
20,남,2025,10,      35400000,"대출수수료 요구(보증료, 공탁 등)",기타,일반대출,인터넷
30,남,2025,10,      30999998,투자사기,금융투자업자,투자사기,메신저
60,여,2025,10,     122645030,투자사기,금융투자업자,투자사기,전화
30,여,2025,10,      38200000,기타,시중은행,일반대출,메신저
30,남,2025,10,       1683000,대출실행 후 상환,기타,일반대출,기타
50,남,2025,10,      20000000,투자사기,금융투자업자,투자사기,기타
20,남,2025,10,        330000,사건연루조사,"경찰, 검찰, 법원",보이스피싱,전화
60,여,2025,10,     115000000,사건연루조사,"경찰, 검찰, 법원",보이스피싱,전화
60,여,2025,10,       3000000,지인사칭(메신저피싱),개인,보이스피싱,메신저
60,남,2025,10,      15000000,투자사기,금융투자업자,투자사기,메신저
30,남,2025,10,       7000000,대출실행 후 상환,기타,일반대출,메신저
60,여,2025,10,       5000000,지인사칭(메신저피싱),개인,보이스피싱,문자
70,남,2025,10,       2000000,투자사기,금융투자업자,투자사기,기타
60,여,2025,10,      10000000,투자사기,금융투자업자,투자사기,기타
50,여,2025,10,       1500000,투자사기,금융투자업자,투자사기,인터넷
40,여,2025,10,      29790000,"대출수수료 요구(보증료, 공탁 등)",기타 공공기관,일반대출,전화
50,남,2025,10,     100000000,투자사기,금융투자업자,투자사기,인터넷
30,남,2025,10,      30500000,투자사기,금융투자업자,투자사기,전화
30,남,2025,10,      15000000,투자사기,금융투자업자,투자사기,기타
30,남,2025,10,       1683000,대출실행 후 상환,기타,일반대출,기타
50,남,2025,10,      26600000,투자사기,금융투자업자,투자사기,기타
50,남,2025,10,      30533502,투자사기,금융투자업자,투자사기,인터넷
50,남,2025,10,     100000000,투자사기,금융투자업자,투자사기,인터넷
50,남,2025,10,      28000000,투자사기,금융투자업자,투자사기,인터넷
50,남,2025,10,       7000000,투자사기,금융투자업자,투자사기,문자
60,남,2025,11,       7500000,투자사기,금융투자업자,투자사기,인터넷
20,남,2025,11,        500000,사건연루조사,"경찰, 검찰, 법원",보이스피싱,전화
70,남,2025,11,      30000000,투자사기,금융투자업자,투자사기,메신저
50,여,2025,11,      23000000,투자사기,금융투자업자,투자사기,인터넷
50,남,2025,11,      20000000,투자사기,금융투자업자,투자사기,기타
50,남,2025,11,      25000000,투자사기,금융투자업자,투자사기,메신저
60,여,2025,11,       6000000,기존대출 상환,시중은행,일반대출,전화
40,여,2025,11,      70000000,사건연루조사,"경찰, 검찰, 법원",보이스피싱,전화
30,남,2025,11,       8000000,기타,시중은행,일반대출,메신저
20,남,2025,11,      20000000,사건연루조사,"경찰, 검찰, 법원",보이스피싱,전화
50,남,2025,11,       4170000,기존대출 상환,할부금융(카드사 및 캐피탈),일반대출,기타
70,남,2025,11,       2000000,투자사기,금융투자업자,투자사기,인터넷
60,남,2025,11,      21908000,투자사기,금융투자업자,투자사기,기타
60,여,2025,11,      50000000,투자사기,금융투자업자,투자사기,기타
60,남,2025,11,      17000000,투자사기,금융투자업자,투자사기,메신저
50,남,2025,11,       4000000,투자사기,금융투자업자,투자사기,인터넷
50,여,2025,11,      50000000,투자사기,금융투자업자,투자사기,메신저
30,남,2025,11,    1343860000,투자사기,금융투자업자,투자사기,기타
50,여,2025,11,        500000,지인사칭(메신저피싱),개인,보이스피싱,문자
40,남,2025,11,     388600000,기타,할부금융(카드사 및 캐피탈),일반대출,전화
40,남,2025,11,     388600000,기타,할부금융(카드사 및 캐피탈),일반대출,메신저
40,여,2025,11,       9000000,투자사기,금융투자업자,투자사기,메신저
40,남,2025,11,     388600000,대출실행 후 상환,할부금융(카드사 및 캐피탈),일반대출,메신저
40,남,2025,11,     388600000,대출실행 후 상환,할부금융(카드사 및 캐피탈),일반대출,메신저
30,남,2025,11,    1343860000,투자사기,금융투자업자,투자사기,기타
40,남,2025,11,     388600000,"대출수수료 요구(보증료, 공탁 등)",할부금융(카드사 및 캐피탈),일반대출,전화
60,여,2025,11,      70000000,투자사기,금융투자업자,투자사기,메신저
50,남,2025,11,       8200000,대출실행 후 상환,저축은행,일반대출,전화
50,남,2025,11,      13000000,대출실행 후 상환,저축은행,일반대출,전화
30,남,2025,11,         60000,대출실행 후 상환,기타,일반대출,기타
40,남,2025,11,     388600000,대출실행 후 상환,할부금융(카드사 및 캐피탈),일반대출,기타
30,남,2025,11,      41000000,사건연루조사,"경찰, 검찰, 법원",보이스피싱,전화
40,남,2025,11,     388600000,기타,할부금융(카드사 및 캐피탈),일반대출,메신저
50,남,2025,11,      13000000,대출실행 후 상환,저축은행,일반대출,전화
50,남,2025,11,      25000000,투자사기,금융투자업자,투자사기,메신저
70,남,2025,11,      41000000,투자사기,금융투자업자,투자사기,기타
50,여,2025,11,     155951216,투자사기,금융투자업자,투자사기,인터넷
20,남,2025,11,      35000000,투자사기,금융투자업자,투자사기,기타
40,남,2025,11,      20000000,기존대출 상환,할부금융(카드사 및 캐피탈),일반대출,전화
50,여,2025,11,      48000000,투자사기,금융투자업자,투자사기,기타
60,남,2025,11,      45000000,투자사기,금융투자업자,투자사기,인터넷
60,남,2025,11,      20000000,기존대출 상환,저축은행,일반대출,전화
30,남,2025,11,      50000000,사건연루조사,"경찰, 검찰, 법원",보이스피싱,전화
70,여,2025,11,      19500000,사건연루조사,"경찰, 검찰, 법원",보이스피싱,전화
40,여,2025,11,        500000,가족납치.상해 협박,기타,보이스피싱,전화
50,남,2025,11,      16800000,기존대출 상환,할부금융(카드사 및 캐피탈),일반대출,전화
50,남,2025,11,       1600000,"대출수수료 요구(보증료, 공탁 등)",기타,일반대출,전화
50,여,2025,11,      22620000,투자사기,금융투자업자,투자사기,메신저
60,남,2025,11,       2000000,기존대출 상환,저축은행,일반대출,전화
50,여,2025,11,     155951216,투자사기,금융투자업자,투자사기,인터넷
60,여,2025,11,      70000000,투자사기,금융투자업자,투자사기,메신저
50,남,2025,11,      20000000,투자사기,금융투자업자,투자사기,기타
50,남,2025,11,     100000000,투자사기,금융투자업자,투자사기,메신저
60,여,2025,11,     100000000,투자사기,금융투자업자,투자사기,기타
60,여,2025,11,     100000000,투자사기,금융투자업자,투자사기,기타
30,여,2025,11,      50000000,투자사기,금융투자업자,투자사기,메신저
60,남,2025,11,        500000,지인사칭(메신저피싱),개인,보이스피싱,문자
20,여,2025,11,      15000000,투자사기,금융투자업자,투자사기,인터넷
50,남,2025,11,      28600000,대출실행 후 상환,저축은행,일반대출,전화
50,여,2025,11,       7000000,투자사기,금융투자업자,투자사기,기타
60,여,2025,11,      69999700,투자사기,금융투자업자,투자사기,기타
50,남,2025,11,     100000000,투자사기,금융투자업자,투자사기,메신저
40,여,2025,11,      10000000,투자사기,금융투자업자,투자사기,인터넷
30,남,2025,11,       8100000,"대출수수료 요구(보증료, 공탁 등)",할부금융(카드사 및 캐피탈),일반대출,메신저
20,여,2025,11,      36000000,사건연루조사,"경찰, 검찰, 법원",보이스피싱,전화
60,남,2025,11,      20000000,투자사기,금융투자업자,투자사기,메신저
30,남,2025,11,       8600000,투자사기,금융투자업자,투자사기,메신저
60,여,2025,11,     257601017,투자사기,금융투자업자,투자사기,기타
50,남,2025,11,      20000000,투자사기,금융투자업자,투자사기,인터넷
30,여,2025,11,      12490000,대출실행 후 상환,시중은행,일반대출,전화
50,남,2025,11,       3000000,투자사기,금융투자업자,투자사기,인터넷
40,여,2025,11,      20000000,투자사기,금융투자업자,투자사기,기타
60,남,2025,11,      49500000,투자사기,금융투자업자,투자사기,기타
20,남,2025,11,        500000,사건연루조사,"경찰, 검찰, 법원",보이스피싱,전화
40,남,2025,11,      12000000,투자사기,금융투자업자,투자사기,기타
40,여,2025,11,      19800000,투자사기,금융투자업자,투자사기,기타
50,여,2025,11,      31380000,기존대출 상환,저축은행,일반대출,전화
50,여,2025,11,       4000000,투자사기,금융투자업자,투자사기,메신저
30,여,2025,11,      27900000,투자사기,금융투자업자,투자사기,인터넷
60,남,2025,11,      37000000,기타,기타,일반대출,기타
50,남,2025,11,      30000000,투자사기,금융투자업자,투자사기,인터넷
40,여,2025,11,     576700000,투자사기,금융투자업자,투자사기,기타
70,남,2025,11,      17100854,투자사기,금융투자업자,투자사기,기타
50,여,2025,11,      15800000,기타,시중은행,일반대출,전화
50,여,2025,11,      50000000,투자사기,금융투자업자,투자사기,기타
50,남,2025,11,      26830000,기존대출 상환,저축은행,일반대출,전화
60,여,2025,11,       7240000,대출실행 후 상환,저축은행,일반대출,전화
60,여,2025,11,       7240000,대출실행 후 상환,저축은행,일반대출,전화
40,남,2025,11,      34000000,기존대출 상환,저축은행,일반대출,전화
50,여,2025,11,      60000000,투자사기,금융투자업자,투자사기,메신저
30,여,2025,11,      23000000,사건연루조사,"경찰, 검찰, 법원",보이스피싱,전화
60,여,2025,11,      20000000,투자사기,금융투자업자,투자사기,전화
40,남,2025,11,       1600000,"대출수수료 요구(보증료, 공탁 등)",기타,일반대출,인터넷
60,여,2025,11,       3200000,지인사칭(메신저피싱),개인,보이스피싱,문자
50,남,2025,11,      38320216,대출실행 후 상환,기타,일반대출,인터넷
30,여,2025,11,      10000000,기존대출 상환,시중은행,일반대출,전화
60,남,2025,11,       5000000,지인사칭(메신저피싱),개인,보이스피싱,문자
60,남,2025,11,       5000000,지인사칭(메신저피싱),개인,보이스피싱,문자
60,여,2025,11,     160000000,투자사기,금융투자업자,투자사기,인터넷
40,남,2025,11,      55000000,투자사기,금융투자업자,투자사기,기타
60,남,2025,11,      15000000,"대출수수료 요구(보증료, 공탁 등)",저축은행,일반대출,전화
70,여,2025,11,     183200000,투자사기,금융투자업자,투자사기,문자
40,남,2025,11,      19500000,기존대출 상환,저축은행,일반대출,전화
40,남,2025,11,       1600000,"대출수수료 요구(보증료, 공탁 등)",기타,일반대출,인터넷
50,남,2025,11,      30000000,투자사기,금융투자업자,투자사기,인터넷
60,여,2025,11,       9690000,기존대출 상환,시중은행,일반대출,전화
0,기업,2025,11,      25000000,카드배송사칭,할부금융(카드사 및 캐피탈),보이스피싱,전화
60,남,2025,11,      70000000,투자사기,금융투자업자,투자사기,메신저
60,남,2025,11,      80631224,투자사기,금융투자업자,투자사기,기타
40,여,2025,11,       4300000,투자사기,금융투자업자,투자사기,메신저
70,여,2025,11,       7000000,지인사칭(메신저피싱),개인,보이스피싱,문자
40,여,2025,11,      20000000,기존대출 상환,시중은행,일반대출,전화
60,여,2025,11,      23000000,투자사기,금융투자업자,투자사기,기타
50,여,2025,11,        500000,"대출수수료 요구(보증료, 공탁 등)",대부업체,일반대출,전화
50,남,2025,11,      80000000,투자사기,금융투자업자,투자사기,메신저
50,남,2025,11,       4280000,대출실행 후 상환,저축은행,일반대출,전화
40,여,2025,11,      15070000,기존대출 상환,저축은행,일반대출,전화
40,여,2025,11,      29000000,대출실행 후 상환,저축은행,일반대출,전화
50,남,2025,11,     175000000,투자사기,금융투자업자,투자사기,인터넷
50,남,2025,11,       4000000,기존대출 상환,시중은행,일반대출,전화
20,여,2025,11,        500000,사건연루조사,"우체국, 전화국, 택배회사",보이스피싱,전화
50,여,2025,11,        500000,대출실행 후 상환,시중은행,일반대출,전화
60,여,2025,11,      50000000,투자사기,금융투자업자,투자사기,메신저
50,남,2025,11,      75500000,투자사기,금융투자업자,투자사기,기타
40,여,2025,11,       4300000,투자사기,금융투자업자,투자사기,메신저
60,여,2025,11,      23000000,투자사기,금융투자업자,투자사기,기타
50,남,2025,11,      72821519,투자사기,금융투자업자,투자사기,기타
20,남,2025,11,        100000,기타,시중은행,일반대출,전화
40,여,2025,11,      23000000,투자사기,금융투자업자,투자사기,인터넷
30,여,2025,11,      10000000,투자사기,금융투자업자,투자사기,메신저
40,남,2025,11,      35260000,대출실행 후 상환,시중은행,일반대출,전화
60,여,2025,11,      40000000,투자사기,금융투자업자,투자사기,기타
50,남,2025,11,       3000000,기존대출 상환,시중은행,일반대출,전화
50,남,2025,11,      35000000,투자사기,금융투자업자,투자사기,인터넷
60,남,2025,11,      88000000,투자사기,금융투자업자,투자사기,메신저
50,여,2025,11,      59000000,투자사기,금융투자업자,투자사기,기타
20,남,2025,11,       9590756,사건연루조사,"경찰, 검찰, 법원",보이스피싱,전화
60,남,2025,11,      34740000,기존대출 상환,할부금융(카드사 및 캐피탈),일반대출,전화
50,남,2025,11,       5000000,투자사기,금융투자업자,투자사기,전화
60,남,2025,11,      35000000,사건연루조사,"경찰, 검찰, 법원",보이스피싱,전화
40,남,2025,11,       3000000,대출실행 후 상환,저축은행,일반대출,전화
60,여,2025,11,      10000000,투자사기,금융투자업자,투자사기,메신저
40,여,2025,11,      60000000,투자사기,금융투자업자,투자사기,기타
50,남,2025,11,      10000000,투자사기,금융투자업자,투자사기,메신저
60,여,2025,11,      10000000,투자사기,금융투자업자,투자사기,메신저
50,여,2025,11,       4000000,투자사기,금융투자업자,투자사기,인터넷
40,여,2025,11,      51315575,투자사기,금융투자업자,투자사기,인터넷
60,남,2025,11,      18000000,투자사기,금융투자업자,투자사기,기타
50,여,2025,11,       2000000,투자사기,금융투자업자,투자사기,메신저
30,남,2025,11,       3000000,대출실행 후 상환,시중은행,일반대출,전화
50,남,2025,11,       4000000,기존대출 상환,시중은행,일반대출,전화
20,남,2025,11,        500000,사건연루조사,"경찰, 검찰, 법원",보이스피싱,전화
40,여,2025,11,      21000007,투자사기,금융투자업자,투자사기,메신저
30,여,2025,11,      93100000,대출실행 후 상환,저축은행,일반대출,메신저
70,여,2025,11,        500000,지인사칭(메신저피싱),개인,보이스피싱,기타
50,여,2025,11,      20000000,투자사기,금융투자업자,투자사기,인터넷
50,여,2025,11,       5000000,투자사기,금융투자업자,투자사기,메신저
30,여,2025,11,      16100000,투자사기,금융투자업자,투자사기,메신저
50,남,2025,11,      56036306,투자사기,금융투자업자,투자사기,메신저
60,남,2025,11,      70000000,투자사기,금융투자업자,투자사기,인터넷
60,남,2025,11,      90000000,투자사기,금융투자업자,투자사기,메신저
60,여,2025,11,     160000000,투자사기,금융투자업자,투자사기,기타
40,남,2025,11,       3000000,기존대출 상환,시중은행,일반대출,전화
60,남,2025,11,      80000000,투자사기,금융투자업자,투자사기,기타
60,여,2025,11,      48000000,카드배송사칭,할부금융(카드사 및 캐피탈),보이스피싱,전화
50,남,2025,11,      23500000,대출실행 후 상환,저축은행,일반대출,전화
50,남,2025,11,      40540000,투자사기,금융투자업자,투자사기,메신저
30,여,2025,11,      52900000,기타,시중은행,일반대출,기타
40,남,2025,11,      50000000,투자사기,금융투자업자,투자사기,문자
20,남,2025,11,       5000000,대출실행 후 상환,시중은행,일반대출,전화
20,남,2025,11,      36000000,기타,할부금융(카드사 및 캐피탈),일반대출,메신저
60,남,2025,11,       4000000,대출실행 후 상환,저축은행,일반대출,전화
20,남,2025,11,       3000000,사건연루조사,"경찰, 검찰, 법원",보이스피싱,전화
50,남,2025,11,      70000000,투자사기,금융투자업자,투자사기,메신저
50,여,2025,11,       1500000,지인사칭(메신저피싱),개인,보이스피싱,메신저
50,남,2025,11,      50000000,투자사기,금융투자업자,투자사기,인터넷
50,남,2025,11,      10000000,투자사기,금융투자업자,투자사기,메신저
60,남,2025,11,      22000000,투자사기,금융투자업자,투자사기,기타
30,여,2025,11,      18300000,투자사기,금융투자업자,투자사기,기타
20,여,2025,11,      49260000,투자사기,금융투자업자,투자사기,메신저
50,여,2025,11,     450000000,투자사기,금융투자업자,투자사기,인터넷
60,남,2025,11,      30000000,투자사기,금융투자업자,투자사기,인터넷
50,남,2025,11,      20000000,투자사기,금융투자업자,투자사기,기타
70,남,2025,11,      40000000,투자사기,금융투자업자,투자사기,기타
40,여,2025,12,      10000000,투자사기,금융투자업자,투자사기,기타
60,여,2025,12,       5000000,투자사기,금융투자업자,투자사기,메신저
50,여,2025,12,     117000000,투자사기,금융투자업자,투자사기,메신저
50,남,2025,12,      20000000,투자사기,금융투자업자,투자사기,전화
60,남,2025,12,      30000000,투자사기,금융투자업자,투자사기,메신저
50,여,2025,12,       1000000,지인사칭(메신저피싱),개인,보이스피싱,문자
60,여,2025,12,       5200000,투자사기,금융투자업자,투자사기,기타
70,여,2025,12,        500000,지인사칭(메신저피싱),개인,보이스피싱,문자
20,남,2025,12,      10000000,"대출수수료 요구(보증료, 공탁 등)",기타 공공기관,일반대출,인터넷
50,남,2025,12,       4000000,기존대출 상환,기타 공공기관,일반대출,전화
40,여,2025,12,      81891887,투자사기,금융투자업자,투자사기,메신저
20,남,2025,12,       4000000,"개인정보유출방지, 보안강화","경찰, 검찰, 법원",보이스피싱,전화
50,여,2025,12,      20000000,투자사기,금융투자업자,투자사기,인터넷
60,남,2025,12,       6000000,기존대출 상환,기타 공공기관,일반대출,전화
20,남,2025,12,        300000,사건연루조사,"경찰, 검찰, 법원",보이스피싱,전화
60,남,2025,12,      30000000,투자사기,금융투자업자,투자사기,기타
20,남,2025,12,       1200000,기존대출 상환,시중은행,일반대출,전화
40,여,2025,12,      20000000,투자사기,금융투자업자,투자사기,기타
50,남,2025,12,      29200000,투자사기,금융투자업자,투자사기,메신저
60,여,2025,12,     117800000,투자사기,금융투자업자,투자사기,메신저
40,남,2025,12,       7000000,기존대출 상환,저축은행,일반대출,전화
50,남,2025,12,        200000,가족납치.상해 협박,개인,보이스피싱,전화
50,여,2025,12,      55349000,투자사기,금융투자업자,투자사기,기타
60,남,2025,12,      20000000,투자사기,금융투자업자,투자사기,인터넷
60,여,2025,12,      70000000,투자사기,금융투자업자,투자사기,메신저
70,남,2025,12,     199000000,투자사기,금융투자업자,투자사기,인터넷
60,남,2025,12,      50000000,투자사기,금융투자업자,투자사기,메신저
50,남,2025,12,        200000,가족납치.상해 협박,개인,보이스피싱,전화
50,남,2025,12,      98548000,투자사기,금융투자업자,투자사기,메신저
30,여,2025,12,      10000000,투자사기,금융투자업자,투자사기,기타
50,여,2025,12,      38000000,투자사기,금융투자업자,투자사기,메신저
50,여,2025,12,       9000000,투자사기,금융투자업자,투자사기,메신저
60,여,2025,12,      32000000,투자사기,금융투자업자,투자사기,기타
70,남,2025,12,     373000000,사건연루조사,"우체국, 전화국, 택배회사",보이스피싱,전화
60,남,2025,12,       9550000,대출실행 후 상환,시중은행,일반대출,전화
60,남,2025,12,       8150000,대출실행 후 상환,기타,일반대출,전화
20,여,2025,12,      85050000,투자사기,금융투자업자,투자사기,인터넷
70,여,2025,12,     100000000,"개인정보유출방지, 보안강화","금감원, 금융위",보이스피싱,문자
70,남,2025,12,      75000000,사건연루조사,"경찰, 검찰, 법원",보이스피싱,전화
70,남,2025,12,     294000000,사건연루조사,"경찰, 검찰, 법원",보이스피싱,전화
40,여,2025,12,       2000000,지인사칭(메신저피싱),개인,보이스피싱,기타
50,여,2025,12,      20000000,투자사기,금융투자업자,투자사기,전화
60,남,2025,12,        500000,지인사칭(메신저피싱),개인,보이스피싱,문자
40,여,2025,12,       2000000,지인사칭(메신저피싱),개인,보이스피싱,메신저
30,남,2025,12,     102000000,사건연루조사,"경찰, 검찰, 법원",보이스피싱,전화
30,남,2025,12,      24000000,대출실행 후 상환,시중은행,일반대출,전화
60,여,2025,12,      15000000,투자사기,금융투자업자,투자사기,기타
20,여,2025,12,      85050000,투자사기,금융투자업자,투자사기,기타
60,남,2025,12,        500000,지인사칭(메신저피싱),개인,보이스피싱,전화
50,남,2025,12,      10000000,기존대출 상환,저축은행,일반대출,전화
60,남,2025,12,       7990000,지인사칭(메신저피싱),개인,보이스피싱,문자
40,남,2025,12,      33000000,투자사기,금융투자업자,투자사기,인터넷
40,남,2025,12,       5000000,투자사기,금융투자업자,투자사기,인터넷
20,남,2025,12,       9000000,사건연루조사,"경찰, 검찰, 법원",보이스피싱,전화
40,여,2025,12,        100000,가족납치.상해 협박,기타,보이스피싱,전화
40,남,2025,12,        500000,기존대출 상환,할부금융(카드사 및 캐피탈),일반대출,전화
50,여,2025,12,     144871200,투자사기,금융투자업자,투자사기,메신저
40,여,2025,12,     154000000,투자사기,금융투자업자,투자사기,인터넷
60,여,2025,12,      53060000,투자사기,금융투자업자,투자사기,기타
50,남,2025,12,      17000000,투자사기,금융투자업자,투자사기,기타
30,남,2025,12,       1000000,투자사기,금융투자업자,투자사기,기타
50,남,2025,12,      60000000,투자사기,금융투자업자,투자사기,기타
60,여,2025,12,       2000000,투자사기,금융투자업자,투자사기,기타
50,여,2025,12,      50000000,투자사기,금융투자업자,투자사기,기타
60,여,2025,12,      88000000,투자사기,금융투자업자,투자사기,기타
30,남,2025,12,      15000000,투자사기,금융투자업자,투자사기,기타
60,남,2025,12,     100000000,투자사기,금융투자업자,투자사기,메신저
60,남,2025,12,      50000000,투자사기,금융투자업자,투자사기,메신저
20,여,2025,12,      85050000,투자사기,금융투자업자,투자사기,인터넷
50,남,2025,12,     100000000,투자사기,금융투자업자,투자사기,인터넷
60,남,2025,12,      12000000,대출실행 후 상환,저축은행,일반대출,전화
20,남,2025,12,       2000000,사건연루조사,"경찰, 검찰, 법원",보이스피싱,전화
60,남,2025,12,      25000000,투자사기,금융투자업자,투자사기,전화
50,남,2025,12,      60000000,투자사기,금융투자업자,투자사기,메신저
40,여,2025,12,     154000000,투자사기,금융투자업자,투자사기,인터넷
30,여,2025,12,      10000000,투자사기,금융투자업자,투자사기,인터넷
70,남,2025,12,      50000000,사건연루조사,"경찰, 검찰, 법원",보이스피싱,전화
70,여,2025,12,     550000000,사건연루조사,"금감원, 금융위",보이스피싱,전화
50,여,2025,12,      20000000,투자사기,금융투자업자,투자사기,메신저
50,남,2025,12,      20000000,투자사기,금융투자업자,투자사기,메신저
50,남,2025,12,      20000000,투자사기,금융투자업자,투자사기,기타
40,여,2025,12,      30000000,투자사기,금융투자업자,투자사기,메신저
50,여,2025,12,      80000000,투자사기,금융투자업자,투자사기,문자
60,남,2025,12,       8977125,투자사기,금융투자업자,투자사기,기타
50,남,2025,12,      10000000,투자사기,금융투자업자,투자사기,인터넷
0,기업,2025,12,     153000000,카드배송사칭,기타,보이스피싱,전화
40,남,2025,12,       2000000,투자사기,금융투자업자,투자사기,인터넷
40,남,2025,12,       3500000,기존대출 상환,시중은행,일반대출,전화
60,남,2025,12,      15000000,대출실행 후 상환,시중은행,일반대출,전화
60,여,2025,12,      14000000,사건연루조사,"경찰, 검찰, 법원",보이스피싱,전화
40,여,2025,12,        500000,가족납치.상해 협박,개인,보이스피싱,전화
60,여,2025,12,      14000000,투자사기,금융투자업자,투자사기,메신저
50,여,2025,12,      50000000,투자사기,금융투자업자,투자사기,기타
50,여,2025,12,     100000000,투자사기,금융투자업자,투자사기,메신저
40,남,2025,12,      70000000,투자사기,금융투자업자,투자사기,인터넷
40,여,2025,12,      46000000,투자사기,금융투자업자,투자사기,기타
50,남,2025,12,     130000000,투자사기,금융투자업자,투자사기,기타
20,여,2025,12,      30000000,투자사기,금융투자업자,투자사기,메신저
50,여,2025,12,      49000000,투자사기,금융투자업자,투자사기,전화
40,여,2025,12,      40000000,투자사기,금융투자업자,투자사기,기타
60,남,2025,12,      60000000,투자사기,금융투자업자,투자사기,메신저
60,남,2025,12,       8000000,투자사기,금융투자업자,투자사기,메신저
40,여,2025,12,      46000000,투자사기,금융투자업자,투자사기,기타
60,여,2025,12,     136800000,투자사기,금융투자업자,투자사기,메신저
50,여,2025,12,      32193600,투자사기,금융투자업자,투자사기,메신저
40,여,2025,12,      10000000,기존대출 상환,저축은행,일반대출,전화
40,여,2025,12,      22000000,투자사기,금융투자업자,투자사기,인터넷
50,여,2025,12,      80000000,투자사기,금융투자업자,투자사기,문자
60,여,2025,12,      25000000,투자사기,금융투자업자,투자사기,메신저
60,남,2025,12,      60020000,투자사기,금융투자업자,투자사기,메신저
60,여,2025,12,      30000000,투자사기,금융투자업자,투자사기,인터넷
20,남,2025,12,      47000000,사건연루조사,"경찰, 검찰, 법원",보이스피싱,전화
20,여,2025,12,      12115620,투자사기,금융투자업자,투자사기,메신저
50,남,2025,12,      18000000,기존대출 상환,저축은행,일반대출,전화
60,남,2025,12,       2000000,대출실행 후 상환,저축은행,일반대출,전화
30,여,2025,12,       5000000,투자사기,금융투자업자,투자사기,인터넷
50,여,2025,12,       1000000,투자사기,금융투자업자,투자사기,메신저
60,여,2025,12,       4800000,투자사기,금융투자업자,투자사기,인터넷
50,남,2025,12,      11000000,투자사기,금융투자업자,투자사기,기타
60,여,2025,12,      66000000,투자사기,금융투자업자,투자사기,기타
50,여,2025,12,      50000000,투자사기,금융투자업자,투자사기,기타
50,여,2025,12,      17000000,투자사기,금융투자업자,투자사기,기타
60,남,2025,12,      28000000,기존대출 상환,시중은행,일반대출,전화
40,여,2025,12,     820000000,투자사기,금융투자업자,투자사기,기타
40,여,2025,12,       4000000,투자사기,금융투자업자,투자사기,기타
60,남,2025,12,      48000000,투자사기,금융투자업자,투자사기,메신저
50,남,2025,12,      20000000,투자사기,금융투자업자,투자사기,인터넷
40,남,2025,12,      20000000,투자사기,금융투자업자,투자사기,메신저
60,남,2025,12,      18000000,투자사기,금융투자업자,투자사기,전화
50,여,2025,12,     114000000,사건연루조사,"금감원, 금융위",보이스피싱,전화
40,남,2025,12,        500000,지인사칭(메신저피싱),개인,보이스피싱,메신저
50,여,2025,12,       2000000,지인사칭(메신저피싱),개인,보이스피싱,문자
60,여,2025,12,       5000000,지인사칭(메신저피싱),개인,보이스피싱,문자
50,여,2025,12,       3000000,대출실행 후 상환,할부금융(카드사 및 캐피탈),일반대출,전화
30,남,2025,12,      35800000,대출실행 후 상환,저축은행,일반대출,전화
30,남,2025,12,      10000000,기타,기타,일반대출,메신저
40,남,2025,12,      22500000,"대출수수료 요구(보증료, 공탁 등)",기타,일반대출,메신저
60,남,2025,12,      80000000,투자사기,금융투자업자,투자사기,메신저
30,여,2025,12,      35360000,투자사기,금융투자업자,투자사기,메신저
40,남,2025,12,        210000,대출실행 후 상환,기타,일반대출,메신저
50,여,2025,12,      20000000,투자사기,금융투자업자,투자사기,메신저
50,남,2025,12,       4000000,투자사기,금융투자업자,투자사기,메신저
50,여,2025,12,     120000000,투자사기,금융투자업자,투자사기,인터넷
60,남,2025,12,      72200000,투자사기,금융투자업자,투자사기,메신저
60,여,2025,12,      70000000,투자사기,금융투자업자,투자사기,기타
20,남,2025,12,        300000,사건연루조사,"경찰, 검찰, 법원",보이스피싱,전화
70,남,2025,12,      20000000,투자사기,금융투자업자,투자사기,메신저
50,남,2025,12,      10000000,투자사기,금융투자업자,투자사기,메신저
70,남,2025,12,      39100000,투자사기,금융투자업자,투자사기,기타
60,여,2025,12,      16000000,투자사기,금융투자업자,투자사기,인터넷
60,여,2025,12,       5000000,투자사기,금융투자업자,투자사기,인터넷
50,남,2025,12,      50000000,투자사기,금융투자업자,투자사기,기타
50,남,2025,12,      13600000,기존대출 상환,시중은행,일반대출,전화
50,여,2025,12,      14773100,투자사기,금융투자업자,투자사기,기타
30,여,2025,12,      30000000,투자사기,금융투자업자,투자사기,기타
30,여,2025,12,       5000000,투자사기,금융투자업자,투자사기,인터넷
60,남,2025,12,     120000000,투자사기,금융투자업자,투자사기,인터넷
20,남,2025,12,      47000000,사건연루조사,"경찰, 검찰, 법원",보이스피싱,전화
60,여,2025,12,      27110000,투자사기,금융투자업자,투자사기,메신저
50,여,2025,12,      34000000,투자사기,금융투자업자,투자사기,기타
60,여,2025,12,     110000000,투자사기,금융투자업자,투자사기,기타
50,남,2025,12,       3500000,대출실행 후 상환,기타,일반대출,전화
60,여,2025,12,      12000000,투자사기,금융투자업자,투자사기,메신저
50,여,2025,12,       8000000,투자사기,금융투자업자,투자사기,기타
70,남,2025,12,     100000000,투자사기,금융투자업자,투자사기,기타
50,남,2025,12,       4000000,투자사기,금융투자업자,투자사기,기타
50,여,2025,12,      11700000,투자사기,금융투자업자,투자사기,기타
60,여,2025,12,      19990000,투자사기,금융투자업자,투자사기,메신저
50,남,2025,12,      61610000,투자사기,금융투자업자,투자사기,인터넷
20,남,2025,12,       3000000,사건연루조사,"경찰, 검찰, 법원",보이스피싱,전화
60,남,2025,12,     103000000,투자사기,금융투자업자,투자사기,기타
40,여,2025,12,      37000000,투자사기,금융투자업자,투자사기,인터넷
20,남,2025,12,        500000,사건연루조사,"경찰, 검찰, 법원",보이스피싱,전화
50,여,2025,12,      73000000,투자사기,금융투자업자,투자사기,메신저
40,여,2025,12,      17510190,투자사기,금융투자업자,투자사기,인터넷
60,여,2025,12,     171000000,투자사기,금융투자업자,투자사기,기타
50,여,2025,12,      40000000,투자사기,금융투자업자,투자사기,메신저
50,남,2025,12,      12500000,대출실행 후 상환,할부금융(카드사 및 캐피탈),일반대출,전화
60,남,2025,12,     103000000,투자사기,금융투자업자,투자사기,기타
50,남,2025,12,      30700000,투자사기,금융투자업자,투자사기,기타
20,남,2025,12,       5000000,사건연루조사,"경찰, 검찰, 법원",보이스피싱,전화
60,남,2025,12,      50000000,투자사기,금융투자업자,투자사기,메신저
40,남,2025,12,      65000000,투자사기,금융투자업자,투자사기,메신저
40,여,2025,12,      50000000,투자사기,기타,투자사기,메신저
60,남,2025,12,     103000000,투자사기,금융투자업자,투자사기,기타
40,여,2025,12,       3000000,투자사기,금융투자업자,투자사기,메신저
50,여,2025,12,      50000000,투자사기,금융투자업자,투자사기,인터넷
30,여,2025,12,     120911253,투자사기,금융투자업자,투자사기,인터넷
50,남,2025,12,       4000000,투자사기,금융투자업자,투자사기,메신저
50,여,2025,12,      50000000,투자사기,금융투자업자,투자사기,전화
50,남,2025,12,      33800000,기존대출 상환,저축은행,일반대출,전화
40,남,2025,12,      46650000,투자사기,금융투자업자,투자사기,기타
40,여,2025,12,        200000,가족납치.상해 협박,개인,보이스피싱,전화
70,남,2025,12,     117368800,투자사기,금융투자업자,투자사기,전화
20,남,2025,12,       5000000,사건연루조사,"경찰, 검찰, 법원",보이스피싱,전화
30,남,2025,12,      34000000,사건연루조사,"경찰, 검찰, 법원",보이스피싱,전화
60,남,2025,12,      10000000,투자사기,금융투자업자,투자사기,인터넷
40,여,2025,12,       3000000,기존대출 상환,시중은행,일반대출,전화
40,남,2025,12,      16800000,기존대출 상환,시중은행,일반대출,전화
50,남,2025,12,       3200000,대출실행 후 상환,시중은행,일반대출,전화
60,여,2025,12,       2000000,대출실행 후 상환,시중은행,일반대출,전화
70,남,2025,12,      40000000,투자사기,금융투자업자,투자사기,기타
50,남,2025,12,     160000000,투자사기,금융투자업자,투자사기,메신저
60,여,2025,12,      20000000,투자사기,금융투자업자,투자사기,메신저
60,여,2025,12,      15000000,투자사기,금융투자업자,투자사기,메신저
30,남,2025,12,      22000000,사건연루조사,"경찰, 검찰, 법원",보이스피싱,전화
50,남,2025,12,       3200000,기존대출 상환,시중은행,일반대출,전화
30,여,2025,12,       6914497,투자사기,금융투자업자,투자사기,인터넷
30,남,2025,12,      67000000,사건연루조사,"경찰, 검찰, 법원",보이스피싱,전화
70,남,2025,12,      60000000,투자사기,금융투자업자,투자사기,기타
60,남,2025,12,        500000,기존대출 상환,시중은행,일반대출,전화
20,여,2025,12,      30000000,투자사기,금융투자업자,투자사기,기타
40,여,2025,12,      27680000,기존대출 상환,시중은행,일반대출,전화
60,남,2025,12,      10000000,투자사기,금융투자업자,투자사기,기타
40,여,2025,12,       4000000,투자사기,금융투자업자,투자사기,메신저
40,남,2025,12,      58000000,투자사기,금융투자업자,투자사기,기타
60,남,2025,12,     102000000,투자사기,금융투자업자,투자사기,기타
30,여,2025,12,      50000000,투자사기,금융투자업자,투자사기,메신저
40,여,2025,12,       4000000,투자사기,금융투자업자,투자사기,메신저
40,여,2025,12,       1000000,지인사칭(메신저피싱),개인,보이스피싱,메신저
40,여,2025,12,     112500000,투자사기,금융투자업자,투자사기,기타
60,남,2025,12,      13300000,투자사기,금융투자업자,투자사기,기타
50,남,2025,12,      50000000,투자사기,금융투자업자,투자사기,기타
70,여,2025,12,        400000,지인사칭(메신저피싱),개인,보이스피싱,문자
70,남,2025,12,      60000000,투자사기,금융투자업자,투자사기,인터넷
60,남,2025,12,       3000000,지인사칭(메신저피싱),개인,보이스피싱,기타
30,여,2025,12,       6326600,투자사기,금융투자업자,투자사기,기타
30,남,2025,12,       3000000,대출실행 후 상환,시중은행,일반대출,전화
60,남,2025,12,       3000000,기존대출 상환,시중은행,일반대출,전화
30,남,2025,12,      24200000,기존대출 상환,시중은행,일반대출,전화
30,남,2025,12,      24200000,기존대출 상환,시중은행,일반대출,전화
70,여,2025,12,       1000000,투자사기,금융투자업자,투자사기,문자
50,남,2025,12,       4927500,투자사기,금융투자업자,투자사기,기타
30,남,2025,12,      24200000,기존대출 상환,시중은행,일반대출,전화
60,남,2025,12,       8000000,투자사기,금융투자업자,투자사기,메신저
70,남,2025,12,      12000000,투자사기,금융투자업자,투자사기,인터넷
60,여,2025,12,       9000000,투자사기,금융투자업자,투자사기,인터넷
50,남,2025,12,      25400000,기타,할부금융(카드사 및 캐피탈),일반대출,메신저
60,남,2025,12,      20000000,투자사기,금융투자업자,투자사기,인터넷
60,여,2025,12,       3800000,기존대출 상환,시중은행,일반대출,전화
40,남,2025,12,       3220000,투자사기,금융투자업자,투자사기,기타
50,남,2025,12,      10000000,투자사기,금융투자업자,투자사기,전화
70,남,2025,12,       4000000,투자사기,금융투자업자,투자사기,메신저
70,남,2025,12,      25000000,투자사기,금융투자업자,투자사기,메신저
50,여,2025,12,      50000000,투자사기,금융투자업자,투자사기,메신저
50,남,2025,12,      19000000,투자사기,금융투자업자,투자사기,메신저
60,여,2025,12,      13000000,투자사기,금융투자업자,투자사기,기타
60,남,2025,12,      20000000,투자사기,금융투자업자,투자사기,전화
40,여,2025,12,       4000000,기존대출 상환,시중은행,일반대출,전화
60,남,2025,12,      35000000,투자사기,금융투자업자,투자사기,기타
70,남,2025,12,     130000000,투자사기,금융투자업자,투자사기,메신저
20,여,2025,12,        500000,사건연루조사,"경찰, 검찰, 법원",보이스피싱,전화
40,여,2025,12,     154000000,투자사기,금융투자업자,투자사기,인터넷
60,남,2025,12,       4000000,사건연루조사,"경찰, 검찰, 법원",보이스피싱,전화
50,남,2025,12,      60000000,투자사기,금융투자업자,투자사기,인터넷
60,남,2025,12,      10000000,투자사기,금융투자업자,투자사기,기타
30,여,2025,12,      20000000,투자사기,금융투자업자,투자사기,기타
40,남,2025,12,      22711504,투자사기,금융투자업자,투자사기,메신저
50,남,2025,12,      86000000,투자사기,금융투자업자,투자사기,메신저
50,남,2025,12,      11200000,투자사기,금융투자업자,투자사기,메신저
